name,gender,ethnicity,city,state,province,country,born,died,creative_role 1,creative_role 2,creative_role 3,creative_role 4,creative_role 5,creative_role 6,creative_role 7,comic_titles 1,comic_titles 2,comic_titles 3,comic_titles 4,comic_titles 5,comic_titles 6,comic_titles 7,comic_titles 8,comic_titles 9,comic_titles 10,comic_titles 11,comic_titles 12,genres 1,genres 2,genres 3,genres 4,genres 5,genres 6,genres 7,genres 8,website1,website2,twitter,image,Column,Column2,Column3,Column4,Column5,Column6,Column7,Column8,Column9,Column10,Column11,Column12,Column13,Column14,Column15,Column16,Column17,Column18,Column19,Column20,Column21,Column22,Column23,Column24
A. Stiffler,Agender,,Columbus, OH,,United States,,,Artist,,,,,,,ChaosLife, FindChaos, Lesbians 101,,,,,,,,,,Queer, Humor, Horror, Educational,,,,,http://www.patreon.com/findchaos,http://chaoslife.findchaos.com,http://twitter.com/findchaos,https://pbs.twimg.com/profile_images/528619836163637248/-dgY4fJ9.png,,,,,,,,,,,,,,,,,,,,,,,,
A.E. Green,Male,"mixed, black",,,,,1990,,Writer, Artist, Editor,,,,,Purity: A Post-Yaoi Anthology, Ashe & Boy (18+),,,,,,,,,,,indie, romance,,,,,,,http://purityanthology.tumblr.com/,http://asheandboy.tumblr.com/,http://twitter.com/Glittertooth,http://41.media.tumblr.com/17d0705e47fae370e401b75d58af7d11/tumblr_ni6rqqWYWc1u7da6so1_1280.jpg,,,,,,,,,,,,,,,,,,,,,,,,
Aatmaja Pandya,Female,Indian American,New York, NY,,United States,1992,,Cartoonist,,,,,,,Travelogue, Baker's Dozen, The Bell Blues,,,,,,,,,,Indie, Webcomic, Fantasy, Slice-of-Life,,,,,http://aatmajapandya.com,http://traveloguecomic.com,http://twitter.com/aymayjay ,http://payload316.cargocollective.com/1/14/467040/8621329/prt_200x200_1411690980.jpg,,,,,,,,,,,,,,,,,,,,,,,,
Adam Graphite,Male,American,Philadelphia, PA,,United States,1970,,Artist,,,,,,,Greek Love,,,,,,,,,,,,Mainstream, Adult, Indie,,,,,,http://Adamgraphite.com,,http://twitter.com/adamgraphite,http://41.media.tumblr.com/1382f5a653817e377f61c0c5e2e514a0/tumblr_nrsd79DUIe1qcc3cxo1_1280.png,,,,,,,,,,,,,,,,,,,,,,,,
Adam Pruett,,,,,,,,,,,,,,,,Anything That Loves (contributor),,,,,,,,,,,,,,,,,,,,,,,,,,,,,,,,,,,,,,,,,,,,,,,
Adee Roberson,,,,,,,,,,,,,,,,Gay Genius (contributor),,,,,,,,,,,,,,,,,,,,,,,,,,,,,,,,,,,,,,,,,,,,,,,
Adriana Ferguson,Female,Costa Rican,,,,,1985,,Writer, Penciler, Cartoonist, Creator,,,,Minor Acts of Heroism, S.T.O.P.,,,,,,,,,,,webcomic,,,,,,,,http://www.minoractsofheroism.com/,,https://twitter.com/missveryvery,http://very-very.info/maoh_resources/nilus_b.jpg,,,,,,,,,,,,,,,,,,,,,,,,
Adrien Lee (Thephooka),Male,American,,OR,,United States,1990,,Writerm Artist, Creator,,,,,,White Noise,,,,,,,,,,,,fantasy,,,,,,,,http://www.white-noise-comic.com,http://www.thephooka.tumblr.com,http://www.twitter.com/thephooka,https://36.media.tumblr.com/f80cf27f5b8748b10cd9af4344153f31/tumblr_inline_npx71wlG5Z1qd3tso_540.png,,,,,,,,,,,,,,,,,,,,,,,,
Agnes Czaja,,,,,,,,,,,,,,,,Anything That Loves (contributor),,,,,,,,,,,,,,,,,,,,,,,,,,,,,,,,,,,,,,,,,,,,,,,
Alex Dahm,"nonbinary, agender",Minnesotan,,,,,1992,,cartoonist,,,,,,,"Anything That Loves (contributor), many self-published comics",,,,,,,,,,,,indie, auto biographical, sci-fi,,,,,,http://www.alexdahm.com,http://www.alexdumb.tumblr.com,http://www.twitter.com/ajdahm,http://41.media.tumblr.com/727bc64d45e940be31f36ef5d19c2851/tumblr_nkz5vs8lvn1sghmrho1_1280.jpg,,,,,,,,,,,,,,,,,,,,,,,,
Alex DeLourdes Araiza,Transman,Latin American,,,,,1989,,Writer, Artist, Cartoonist,,,,,,,,,,,,,,,,,Indie and Horror,,,,,,,,http://alex-d-araiza-art.tumblr.com/,http://alex-d-araiza-writer.tumblr.com/,https://twitter.com/alex_d_araiza,https://pbs.twimg.com/profile_images/462330616193617921/v6hPewus.jpeg,,,,,,,,,,,,,,,,,,,,,,,,
Alex Woolfson,Male,America,San Francisco, CA,,United States,1971,,Writer, Publisher, Creator,,,,,"Artifice, The Young Protectors",,,,,,,,,,,,Webcomic, Graphic Novels, Gay,,,,,,http://webcomics.yaoi911.com/,http://amwcomics.com/,https://twitter.com/alexwoolfson,http://amwcomics.com/wordpress/wp-content/uploads/2013/01/Alex-1-Square-Avatar_200x270.jpg,,,,,,,,,,,,,,,,,,,,,,,,
Alexis Sugden,Female,Australian,,,,,1988,,Artist/Writer,,,,,,,My Sister's Voice, Crazy Cat Lady, The Disappearance of Melody Dean, Rasvaar,,,,,,,,,Graphic novel; webcomic,,,,,,,,http://www.alexissugden.com/,http://animatorlex.tumblr.com/,https://twitter.com/AlexisDraws,http://static.wixstatic.com/media/82d7c6_468696bd00a34aece6ec374b156d4598.jpg_srb_p_296_417_75_22_0.50_1.20_0.00_jpg_srb,,,,,,,,,,,,,,,,,,,,,,,,
Alice Meichi Li,Female,Asian American,,,,,1984,,Artist, Illustrator, Cover Artist,,,,,"Mega Man (Archie Comics, 2013)"," Elephantmen (Image Comics, 2011)"," Once Upon a Time Machine (Dark Horse Comics, 2012)"," Secret Identities, (The New Press, 2012)"," Reading With Pictures (2010, 2014)",,,,,,,,Pop-Surrealism,,,,,,,,http://alicemeichi.com/,http://en.wikipedia.org/wiki/Alice_Meichi_Li,https://twitter.com/AliceMeichi,http://www.alicemeichi.com/images/newestwork-b.gif,,,,,,,,,,,,,,,,,,,,,,,,
Alison Bechdel,Female,,,,,,,,Cartoonist,,,,,,,Dykes to Watch Out For, Fun Home, Are You My Mother?,,,,,,,,,,,,,,,,,,http://dykestowatchoutfor.com/,,https://twitter.com/alisonbechdel,http://www.powells.com/bookcovers/9780544002234.jpg,,,,,,,,,,,,,,,,,,,,,,,,
Allan Neuwirth,,,,,,,,,,,,,,,,No Straight Lines (contributor),,,,,,,,,,,,,,,,,,,,,,,,,,,,,,,,,,,,,,,,,,,,,,,
Amanda Verwey,Female,,,,,,,,Cartoonist,,,,,,,QU33R (contributor), Manderz Top Private Diary, All Deez Femalez Crawl,,,,,,,,,,,,,,,,,,http://www.amandamakescomics.com/,,,http://www.amandamakescomics.com/uploads/8/1/8/1/8181278/7636919_orig.jpg,,,,,,,,,,,,,,,,,,,,,,,,
Amy T. Falcone,,,,,,,,,,,,,,,,Anything That Loves (contributor),,,,,,,,,,,,,,,,,,,,,,,,,,,,,,,,,,,,,,,,,,,,,,,
Andrea Natalie,,,,,,,,,,,,,,,,No Straight Lines (contributor),,,,,,,,,,,,,,,,,,,,,,,,,,,,,,,,,,,,,,,,,,,,,,,
Andy Hartzell,Male,,,,,,,,Cartoonist,,,,,,,Fox Funny Bunny,,,,,,,,,,,,,,,,,,,,,,,,,,,,,,,,,,,,,,,,,,,,,,,
Anissa Espinosa,Female,"Half-Mexican, Half Puerto-Rican",,,,,1984,,Writer, Artist,,,,,,"Bee and Puppycat #1 Cover F, #3-4", Bravest Warriors #20 Cover D, Cast No Shadow (First Second Books), Barricade (Beyond Anthology),,,,,,,,,Indie,,,,,,,,http://redribbonrobot.tumblr.com/,,https://twitter.com/redribbonrobot,https://pbs.twimg.com/media/CNICkM1U8AAYtyT.jpg,,,,,,,,,,,,,,,,,,,,,,,,
Ann Uland (Nym),Female,American,,,,,,,Artist,,,,,,,Grave Impressions, If The Shoe Fits, Cassius,,,,,,,,,,Webcomic, Mystery, Fairytale, Adventure,,,,,http://www.graveimpressions.com,http://www.annulandart.com,http://www.twitter.com/NymAulth,http://cdn.shopify.com/s/files/1/0711/8237/products/coverfront_59dc7759-7efe-4e41-9a1a-740825c1dcf0_large.jpg?v=1438060782,,,,,,,,,,,,,,,,,,,,,,,,
Anna Bongiovanni,Genderqueer,Caucasian,Minneapolis, MN,,United States,1986,,Cartoonist,,,,,,,"Grease Bats for Autostraddle.com, Out of Hollow Water, Selfie",,,,,,,,,,,,Indie, webcomic, queer comics,,,,,,http://bikesbabesandbooze.tumblr.com,http://annabongiovanni.com,http://twitter.com/dumb_,http://payload208.cargocollective.com/1/13/437567/6466114/P16.jpg,,,,,,,,,,,,,,,,,,,,,,,,
Annie Mok,Female,Asian American,,,,,,,,,,,,,,,,,,,,,,,,,,,,,,,,,,http://heyanniemok.tumblr.com/,http://heyanniemok.com/,https://twitter.com/HeyAnnieMok,http://payload358.cargocollective.com/1/3/116682/9470991/prt_1425336132.jpg,,,,,,,,,,,,,,,,,,,,,,,,
Annie Murphy,Female,American,,,,,,,Editor, Writer, Artist,,,,,Gay Genius (editor), QU33R (contributor), No Straight Lines (contributor), Symbology: An A to Z of Archetypes and Ephiphanies, I Still Live: Biography of a Spiritualist, Sick: A Visual Account of an Invisible Disability, Vermont Maple Sugar Mama (A Choose-Your-Porn Adventure), Hungry House, Multiples: D.I.D. in Women's Narrative,,,,,,,,,,,,http://grimoirecomics.weebly.com/annie-murphy.html,,https://twitter.com/anniedysmurphia,http://grimoirecomics.weebly.com/uploads/3/0/4/2/30423438/2541605.jpg,,,,,,,,,,,,,,,,,,,,,,,,
Ariel Ries,Female,Asian Australian,,,,,1994,,Creator,,,,,,,,,,,,,,,,,,,Web,,,,,,,,http://www.witchycomic.com/,http://arielries.tumblr.com,https://twitter.com/cousineggplant,,,,,,,,,,,,,,,,,,,,,,,,,
Ariel Schrag,,,,,,,,,Cartoonist,,,,,,,Likewise, Potential, Awkward and Definition, No Straight Lines (contributor), Stuck in the Middle (editor),,,,,,,,,,,,,,,,http://www.arielschrag.com/,,https://twitter.com/arielschrag,http://www.arielschrag.com/images/art/columbiamag_sm.jpg,,,,,,,,,,,,,,,,,,,,,,,,
Ashanti Fortson,Non-binary,"Mexican American, Mixed",,,,,1997,,Creator,,,,,,,Galanthus, Lawbreaker,,,,,,,,,,,Webcomic, Sci-Fi, Fantasy,,,,,,http://galanthuscomic.com,http://ashantifortson.tumblr.com,https://twitter.com/ashantifortson,,,,,,,,,,,,,,,,,,,,,,,,,
Ashley Cook,,,,,,,,,,,,,,,,Anything That Loves (contributor),,,,,,,,,,,,,,,,,,,,,,,,,,,,,,,,,,,,,,,,,,,,,,,
Astrid Lydia Johannsen,Genderqueer,,,,,,1974,,Creator,,,,,,,Threads from the Blue Rock Tapestry,,,,,,,,,,,,Urban Fantasy,,,,,,,,http://ellejohara.com/threads/,http://ellejohara.tumblr.com/,http://twitter.com/ellejohara,,,,,,,,,,,,,,,,,,,,,,,,,
Autumn Crossman-Serb,Female,Metis-Arab Canadian,,,,,1990,,Artist, Writer, Creator,,,,,Creation, Harvest, Con Spirito,,,,,,,,,,indie,,,,,,,,https://autumngrace.carbonmade.com/,http://akitron.tumblr.com/,https://twitter.com/Akitron,,,,,,,,,,,,,,,,,,,,,,,,,
Beck Kramer,Female,,,,,,1982,,cartoonist,,,,,,,Relativity,,,,,,,,,,,,sci fi, webcomic,,,,,,,http://relativitycomic.com,http://beckkramer.com,http://twitter.com/beckkramer,,,,,,,,,,,,,,,,,,,,,,,,,
Becky Hawkins,Female,Sorta-Jewish American,,,,,1984,,Cartoonist,,,,,,,French Toast Comix, Pratfall (contributor), The Strumpet (contributor),,,,,,,,,,Indie, autobio,,,,,,,http://http://frenchtoastcomix.com/,http://frenchtoastcomix.tumblr.com/,https://twitter.com/hawkins_becky,,,,,,,,,,,,,,,,,,,,,,,,,
Belasco Comix,Male,,,,,,,,,,,,,,,,,,,,,,,,,,,Indie,,,,,,,,http://www.belasco-comix.com/,,,,,,,,,,,,,,,,,,,,,,,,,,,
Beldan Sezen,Female,Turkish-German,,,,,1967,,Creator, Writer, Artist,,,,,Zakkum, #GeziPark, Sulla Mia Pelle, Snapshots of a Girl, To Separate the Body from the Machine,,,,,,,,Indie,,,,,,,,http://beldansezen.com/,http://eggsworld.wordpress.com/,https://twitter.com/BeldanSezen,https://static1.squarespace.com/static/502274d9e4b03bd70ef2bc16/t/54edc814e4b032e808a5d094/1424869397522/SnapshotsOfAGirl_coverSample.jpg?format=750w,,,,,,,,,,,,,,,,,,,,,,,,
Bex,Female,American,,"CA
",,United States,1988,,Creator, Artist,,,,,,,,,,,,,,,,,,Alternative, Speculative fiction, New Weird, Bizarro,,,,,http://bex-f.tumblr.com,http://radiant-spores.tumblr.com,,http://i.imgur.com/gEiGh4j.png,,,,,,,,,,,,,,,,,,,,,,,,
BiL Sherman,,,,,,,,,,,,,,,,No Straight Lines (contributor),,,,,,,,,,,,,,,,,,,,,,,,,,,,,,,,,,,,,,,,,,,,,,,
Bill Roundy,,,,,,,,,,,,,,,,Anything That Loves (contributor), Orientation Police, Bar Scrawl, The Amazing Adventures of Bill,,,,,,,,,Indie,,,,,,,,http://comics.billroundy.com/,,https://twitter.com/bartoonist,,,,,,,,,,,,,,,,,,,,,,,,,
Blue Delliquanti,Female,American,Minneapolis, MN,,United States,1989,,Creator,,,,,,,O Human Star, Womanthology (contributor), Smut Peddler (contributor),,,,,,,,,,Webcomics,,,,,,,,http://ohumanstar.com,http://bluedelliquanti.com,http://twitter.com/bluedelliquanti,,,,,,,,,,,,,,,,,,,,,,,,,
Bob Glasscock,,,,,,,,,,,,,,,,,,,,,,,,,,,,,,,,,,,,,,,,,,,,,,,,,,,,,,,,,,,,,,,
Brittney Sabo,Female,,,,,,1985,,Creator,,,,,,,"All Night, Francis Sharp",,,,,,,,,,,,webcomic, fantasy,,,,,,,http://www.allnightcomic.com,http://www.bsabo.com,https://twitter.com/BrittneySabo,,,,,,,,,,,,,,,,,,,,,,,,,
Burton Clarke,Male,,,,,,,,,,,,,,,,,,,,,,,,,,,Indie,,,,,,,,http://urbanbookmaven.blogspot.com/2012/10/i-draw-for-my-people-asserted-burton.html,,,,,,,,,,,,,,,,,,,,,,,,,,,
Cara Goldstein,Female,American,,,,,1979,,Cartoonist,,,,,,,The Adventures of Olive Tangerine, Goblins Go Fishing," Olive Tangerine's Cartooning Book, The Whisperers and the Shouters",,,,,,,,,,Indie,,,,,,,,http://www.caragoldstein.com,,,,,,,,,,,,,,,,,,,,,,,,,,,
Carl Vaughn Frick,,,,,,,,,,,,,,,,No Straight Lines (contributor),,,,,,,,,,,,,,,,,,,,,,,,,,,,,,,,,,,,,,,,,,,,,,,
Carlisle Robinson,Trans masculine genderqueer,Canadian and American,,,,,1990,,Cartoonist,,,,,,,"The Satrians, The Case of Victor Gray, Maria",,,,,,,,,,,,webcomic and indie and disability,,,,,,,,http://satrians.tumblr.com,http://carodoodles.tumblr.com,HTTPS://twitter.com/carodoodles,,,,,,,,,,,,,,,,,,,,,,,,,
Carlo Quispe,Male,Peru,New York, NY,,United States,1978,,Comic Book Artist,,,,,,,"Uranus #1, Political Will, The Everything Is Ok Comic",,,,,,,,,,,,Political Comics, Gay Comics, Humor, Erotica,,,,,http://uranuscomics.tumblr.com/,http://www.facebook.com/URANUSComics,http://twitter.com/URANUSCOMICS,http://upload.wikimedia.org/wikipedia/commons/1/15/2.28.14CarloQuispeByLuigiNovi2.jpg,,,,,,,,,,,,,,,,,,,,,,,,
Carlo Quispe,Male,,,,,,,,,,,,,,,,,,,,,,,,,,,Indie,,,,,,,,http://www.grrrr.net/nuiork/carlo/index.html,,,,,,,,,,,,,,,,,,,,,,,,,,,
Caroline Hobbs,,,,,,,,,,,,,,,,Anything That Loves (contributor),,,,,,,,,,,,,,,,,,,,,,,,,,,,,,,,,,,,,,,,,,,,,,,
Carrie McNinch,Female,American,Los Angeles, CA,,United States,,,Cartoonist,,,,,,,You Don’t Get There From Here, No Straight Lines (contributor), QU33R (contributor),,,,,,,,,,Indie,,,,,,,,http://carriemcninch.tumblr.com/,,https://twitter.com/McGrinch,http://40.media.tumblr.com/50b66df3ff6176b3c9ea91e1a104e900/tumblr_nmreq1GiNo1ramv0do1_1280.jpg,,,,,,,,,,,,,,,,,,,,,,,,
Cassian Lotte Lodge,Nonbinary: agender,White British,,,,,1986,,Creator, cartoonist, writer, artist,,,,Poly in Pictures,,,,,,,,,,,,Webcomic,,,,,,,,http://www.polyinpictures.com,,http://twitter.com/cassolotl,,,,,,,,,,,,,,,,,,,,,,,,,
Cataline Rufin,Genderqueer,Spanish,,,,,1993,,Cartoonist,,,,,,,Highland Girl, Forest Fairy, Noemi, The Amazing Jenny,,,,,,,,,Fantasy,,,,,,,,http://cargocollective.com/catalinarufin,http://fairywarriors.tumblr.com,https://twitter.com/fairycomix,,,,,,,,,,,,,,,,,,,,,,,,,
Chad Sell,Male,American,,,,,1983,,Creator,,,,,,,"Vreeland, Manta-Man",,,,,,,,,,,,Indie,,,,,,,,http://www.chadsellcomics.com/,http://chadsell.tumblr.com/,https://twitter.com/panja57,http://www.chadsellcomics.com/comics/2015-06-09Flash.jpg,,,,,,,,,,,,,,,,,,,,,,,,
Chase Van Weerdhuizen,Male,Dutch American,,,,,1994,,Cartoonist,,,,,,,,,,,,,,,,,,,Indie,,,,,,,,http://chasing-comics.com,http://chasingcomics.tumblr.com,http://twitter.com/chasingcomics,,,,,,,,,,,,,,,,,,,,,,,,,
Chino,,,,,,,,,,,,,,,,No Straight Lines (contributor),,,,,,,,,,,,,,,,,,,,,,,,,,,,,,,,,,,,,,,,,,,,,,,
Christina Poag,Female,Mexican American and Brazilian,,,,,1985,,Creator, Cartoonist,,,,,,Gardenia, Social Hangover,,,,,,,,,,,Indie,,,,,,,,http://www.socialhangover.net,http://www.kittiecakes.net/,https://twitter.com/kittenbutt,,,,,,,,,,,,,,,,,,,,,,,,,
Christina Stewart (Steenz),Female,African-American,,,,,1990,,Illustrator,,,,,,,Archival Quality,,,,,,,,,,,,Indie, Mystery, Shoujo,,,,,,http://Archivalcomic.com ,http://Steenzartblog.tumblr.com ,Http://twitter.com/oheysteenz,,,,,,,,,,,,,,,,,,,,,,,,,
Christine Smith,Female,,,,,,,,Cartoonist,,,,,,,The Princess,,,,,,,,,,,,,,,,,,,,,,,,,,,,,,,,,,,,,,,,,,,,,,,
Chuck McKinney,,,,,,,,,,,,,,,,No Straight Lines (contributor),,,,,,,,,,,,,,,,,,,,,,,,,,,,,,,,,,,,,,,,,,,,,,,
CJ Joughin,Female,American,,,,,1983,,Artist, Writer, Penciler, Inker, Creator,,,City of Cards,,,,,,,,,,,,Scifi, horror, romance, webcomic,,,,,http://www.cityofcards.com,,http://twitter.com/cjjoughin,http://www.cityofcards.com/comic/wp-content/uploads/ap_halloween_sketch_2013_colorv2_web.png,,,,,,,,,,,,,,,,,,,,,,,,
Clio Reese Sady,,,,,,,,,,,,,,,,Gay Genius (contributor),,,,,,,,,,,,,,,,,,,,,,,,,,,,,,,,,,,,,,,,,,,,,,,
Colleen Coover,Female,,,,,,1969,,,,,,,,,Small Favors, Gingerbread Girl,,,,,,,,,,,,,,,,,,,http://www.colleencoover.net/,,https://twitter.com/ColleenCoover,http://www.colleencoover.net/wp-content/gallery/watercolor/fantomette.jpg,,,,,,,,,,,,,,,,,,,,,,,,
Craig Bostick,,,,,,,,,,,,,,,,No Straight Lines (contributor),,,,,,,,,,,,,,,,,,,,,,,,,,,,,,,,,,,,,,,,,,,,,,,
Cristy C. Road,Female,Cuban American,,,,,,,Writer, Artist,,,,,,Spit and Passion, Bad Habits A Love Story, Distance Makes My Heart Grow Sick, Indestructible, Greenzine,,,,,,,,Indie,,,,,,,,http://www.croadcore.org/,,,,,,,,,,,,,,,,,,,,,,,,,,,
D. Travers Scott,,,,,,,,,,,,,,,,No Straight Lines (contributor),,,,,,,,,,,,,,,,,,,,,,,,,,,,,,,,,,,,,,,,,,,,,,,
D.J. Kirkland,Male,African American,,,,,,,,,,,,,,,,,,,,,,,,,,Manga,,,,,,,,http://aerialraveonline.com/,http://www.djkirkland.com/,https://twitter.com/OhHeyDJ,,,,,,,,,,,,,,,,,,,,,,,,,
Dale Lazarov,Male,Puerto Rican,,,,,,,Writer / Art director,,,,,,,Sticky, Nightlife, Manly, Bulldogs, Good Sports, Fast Friends, Greek Love,,,,,,Wordless, gay character-based, sex-positive graphic novels,,,,,,http://www.dalelazarov.com/,,http://twitter.com/dalelazarovXXX,,,,,,,,,,,,,,,,,,,,,,,,,
Dan Savage,Male,,,,,,,,Writer,,,,,,,No Straight Lines (contributor),,,,,,,,,,,,,,,,,,,,http://www.thestranger.com/seattle/SavageLove?oid=20706070,,https://twitter.com/fakedansavage,,,,,,,,,,,,,,,,,,,,,,,,,
Dave Ebersole,Male,white,Philadelphia,PA,,United States,1979,,Writer,,,,,,,Dash,,,,,,,,,,,,indie, noir, horror, adventure,,,,,http://www.teamdashcomic.com,http://daveebersole.com,http://twitter.com/debersol,https://teamdashcomic.files.wordpress.com/2014/11/dash_01_page_09.jpg,,,,,,,,,,,,,,,,,,,,,,,,
David Kelly,Male,,,,,,,,Cartoonist,,,,,,,Rainy Day Recess: The Complete Steven's Comics, No Straight Lines (contributor),,,,,,,,,,,,,,,,,,,http://www.davidkellystudio.com/,,,,,,,,,,,,,,,,,,,,,,,,,,,
David Quantic,Male,United States,,,,,1973,,Creator/Writer,,,,,,,Bakersfield, Earth & The Corporeals,,,,,,,,,,,Sci-Fi, Humor, Comic, Webcomic,,,,,http://www.bakersfieldearth.com,http://www.theCorporeals.com,http://twitter.com/BakersfieldEar,,,,,,,,,,,,,,,,,,,,,,,,,
David Shenton,,,,,,,,,,,,,,,,No Straight Lines (contributor),,,,,,,,,,,,,,,,,,,,,,,,,,,,,,,,,,,,,,,,,,,,,,,
David Wojnarowicz,,,,,,,,,,,,,,,,No Straight Lines (contributor),,,,,,,,,,,,,,,,,,,,,,,,,,,,,,,,,,,,,,,,,,,,,,,
Davy Shirley,Male,British,,,,,1986,,Writer/Artist,,,,,,,Fera, The Editors, Colony Alpha Lima, Mr Normal, House of Bones, The Dead Collector, angelKat Adventures,,,,,,Indie, Webcomic, Fantasy, Adventure, Horror, Science Fiction,,,http://angelk.at,,http://twitter.com/t_iii,,,,,,,,,,,,,,,,,,,,,,,,,
Deanna Rose Echanique (Dechanique),Female,Ecuadorian,,,,,1984,,Creator, Artist, Inker,,,,,"La Macchina Bellica Vol 1 (self-published, 2009)"," La Macchina Bellica Volume 2 (self-published, 2014)"," Kindling (self-published, 2013)"," Yes and No (Smut Peddler - Iron Circus Comics, 2012)",,,,,,,,,Manga-style indie comics,,,,,,,,http://www.dechanique.com,http://dechanique.storenvy.com,http://www.twitter.com/dechanique,,,,,,,,,,,,,,,,,,,,,,,,,
Declan McCarthy,Male,North American,,VT,,United States,1991,,artist,,,,,,,"Salaryman Cat, Rascal and Spats, Mage-ish Ian",,,,,,,,,,,,Indie, Anthro,,,,,,,http://cheerupbrigade.tumblr.com,,https://twitter.com/DeclanMcComics,,,,,,,,,,,,,,,,,,,,,,,,,
Dee Goggans,Non-Binary,Native American,,,,,1995,,Illustrator, Cartoonist,,,,,,NB,,,,,,,,,,,,Indie,,,,,,,,http://dee-goggans.tumblr.com/,,https://twitter.com/dee_goggans,,,,,,,,,,,,,,,,,,,,,,,,,
Delia Gable,Female,interracial,Tacoma, WA,,United States,,,Artist, Cartoonist,,,,,,Dash, Eating Vampires, A Ninja Named Stan,,,,,,,,,,Indie,,,,,,,,http://dcgable.com/,,https://twitter.com/dcgable,,,,,,,,,,,,,,,,,,,,,,,,,
Deven Stewart,Male,American,,,,,1988,,Creator,,,,,,,Autumn Rose,,,,,,,,,,,,Manga, Webcomic, Fantasy,,,,,,http://www.pinkdollarcomics.com,,https://twitter.com/PinkDollarComix,,,,,,,,,,,,,,,,,,,,,,,,,
Diana Green,Female,,,,,,,,Cartoonist,,,,,,,"Tranny Towers, Ink Tantrums",,,,,,,,,,,,,,,,,,,,http://prismcomics.org/profile.php?id=262,,,,,,,,,,,,,,,,,,,,,,,,,,,
Diane DiMassa,,,,,,,,,,,,,,,,No Straight Lines (contributor),,,,,,,,,,,,,,,,,,,,,,,,,,,,,,,,,,,,,,,,,,,,,,,
Doug Melnyk,Male,Canadian,Winnipeg,,Manitoba,Canada,1952,,Creator,,,,,,,Story of Roy,,,,,,,,,,,,Video, cartoons,,,,,,,http://dougmelnyk.net/,,,,,,,,,,,,,,,,,,,,,,,,,,,
Dude Doodle,Male,Canadian,,,,,1978,,Illustrator,,,,,,,,,,,,,,,,,,,,,,,,,,,http://www.thepeenpen.tumblr.com,http://www.facebook.com/thepeenpen,http://www.twitter.com/thepeenpen,,,,,,,,,,,,,,,,,,,,,,,,,
Dylan Edwards,FTM Trans Man,American,Denver, CO,,United States,1975,,Creator,,,,,,,Politically InQueerect, QU33R (contributor), Beyond, Valley of the Silk Sky, Transposes, No Straight Lines (contributor),,,,,,,Webcomic; non-fiction; comedy; science fiction,,,,,,,,http://studiondr.com,http://dylanndr.tumblr.com/,https://twitter.com/DylanNDREdwards,http://www.studiondr.com/wp-content/uploads/2015/01/NDR_teaser_header_2.png,,,,,,,,,,,,,,,,,,,,,,,,
Dylan Meconis,Female,American,Portland, OR,,United States,1983,,Creator,,,,,,,Bite Me!, Family Man, Outfoxed,,,,,,,,,,Webcomic, Historical Fiction,,,,,,,http://www.dylanmeconis.com,,http://www.twitter.com/dmeconis,http://www.dylanmeconis.com/wp-content/uploads/2015/05/aod_badangel_big.jpg,,,,,,,,,,,,,,,,,,,,,,,,
Ed Luce,Male,,,,,,,,Cartoonist,,,,,,,Wuvable Oaf,,,,,,,,,,,,Indie,,,,,,,,http://wuvableoaf.com/,,https://twitter.com/wuvableoaf,http://robot6.comicbookresources.com/wp-content/uploads/2014/05/oaf-undies.jpg,,,,,,,,,,,,,,,,,,,,,,,,
Edie Fake,,,,,,,,,Cartoonist,,,,,,,No Straight Lines (contributor), Call the Corners, Gaylord Phoenix,,,,,,,,,,Indie,,,,,,,,http://www.ediefake.com/,http://gayutopia.blogspot.com/2007/12/edie-fake-scroll.html,,http://www.ediefake.com/images/RMTpage14.jpg,,,,,,,,,,,,,,,,,,,,,,,,
Elisha Lim,Genderqueer,Chinese Canadian,,,,,,,Cartoonist,,,,,,,100 Crushes,,,,,,,,,,,,Indie,,,,,,,,http://elishalim.com/,,https://twitter.com/elisha_c_lim,,,,,,,,,,,,,,,,,,,,,,,,,
Elizabeth Beier,Female,White,,,,,1989,,Cartoonist,,,,,,,Bisexual Trials and Errors (ongoing), We Belong: Stories and Portraits from the Lexington Club,,,,,,,,,,,Slice of Life, AutoBio, rookie journalism,,,,,,http://www.elizabethdrewyou.com,,,,,,,,,,,,,,,,,,,,,,,,,,,
Elizabeth Simins,Female,American,Portland, OR,,United States,1988,,Writer, Artist,,,,,,Manic Pixel Dream Girl, Bad at Games, Chainmail Bikini (contributor), Dirty Diamonds 6 (contributor,,,,,,,,,Indie, Memoir,,,,,,,http://eliz.abeth.net,,http://twitter.com/elizsimins,,,,,,,,,,,,,,,,,,,,,,,,,
Elizabeth Watasin,Female,Thai American,,,,,1967,,Artist, Writer, Penciler, Inker, Creator,,,Charm School,,,,,,,,,,,,Indie,,,,,,,,http://www.a-girlstudio.com,http://www.amazon.com/Elizabeth-Watasin/e/B007TYS62O,https://twitter.com/ewatasin,,,,,,,,,,,,,,,,,,,,,,,,,
Ellen Forney,Female,,,,,,1968,,Cartoonist,,,,,,,"Marbles: Mania, Depression, Michelangelo and Me", I Was Seven in '75, I Love Led Zeppelin, Lust, The Absolutely True Diary of a Part-Time Indian (illustrator), No Straight Lines (contributor),,,,,,,Indie,,,,,,,,http://ellenforney.com/,http://en.wikipedia.org/wiki/Ellen_Forney,https://twitter.com/ellen_forney,,,,,,,,,,,,,,,,,,,,,,,,,
Ellery Russian,,,,,,,,,,,,,,,,Gay Genius (contributor),,,,,,,,,,,,,,,,,,,,,,,,,,,,,,,,,,,,,,,,,,,,,,,
Eloisa Aquino,Female,Brazilian Canadian,Montreal,,Quebec,Canada,1970,,Writer, Creator, Cartoonist,,,,,Series The Life and Times of Butch Dykes,,,,,,,,,,,,Indie Zines,,,,,,,,http://banddpress.blogspot.com,,,http://1.bp.blogspot.com/-WdF3i8ywiVs/UhI92Q0gEEI/AAAAAAAAA-U/gG2W3kfxhic/s1600/COVER-WEB.jpg,,,,,,,,,,,,,,,,,,,,,,,,
Emily Carroll,Female,Canadian,,,,,1983,,Writer, Artist,,,,,,Through the Woods, Various Webcomics,,,,,,,,,,,Webcomic, Horror,,,,,,,http://www.emcarroll.com,,https://twitter.com/emilyterrible,,,,,,,,,,,,,,,,,,,,,,,,,
Emily Cheeseman,Female,American,,,,,1990,,Illustrator,,,,,,,Sonnet (2014),,,,,,,,,,,,Webcomic, Fantasy,,,,,,,http://emilycheeseman.com,http://emstantinople.tumblr.com,https://twitter.com/emcheeseman,,,,,,,,,,,,,,,,,,,,,,,,,
Emily Cowan,Female,Canadian,Vancouver,,British Columbia,Canada,1990,,Cartoonist, Webcomicker,,,,,,Boundary,,,,,,,,,,,,Indie, Webcomic, Slice of Life, Coming of Age,,,,,http://www.boundarycomic.tumblr.com,littlebluecarrot.tumblr.com,http://www.twitter.com/EmilyCComics,http://38.media.tumblr.com/280eab3bac01acfd673debc91b20d1ac/tumblr_inline_ncqul4SeSs1qggctk.jpg,,,,,,,,,,,,,,,,,,,,,,,,
Emily K,Female,Jewish American,,,,,1985,,Creator, Cartoonist,,,,,,Sad/FunnyTrue," When Dawn Breaks, So Too, Shall You", Places You Find Cats,,,,,,,,,,Webcomic, Indie, Humor,,,,,,http://sadfunnytrue.tumblr.com,http://wdbcomic.tumblr.com,,,,,,,,,,,,,,,,,,,,,,,,,,
Emily Madly,Female,American,Portland, OR,,United States,1988,,Creator,,,,,,,Spellbooks,,,,,,,,,,,,Indie,,,,,,,,http://emilymadly.com,,https://twitter.com/emilymadly,,,,,,,,,,,,,,,,,,,,,,,,,
Emily Riesbeck,Female,White,Chicago, IL,,United States,1990,,Writer,,,,,,,The Blue Valkyrie,,,,,,,,,,,,Webcomic,,,,,,,,http://bluevalkyriecomic.tumblr.com/,,https://twitter.com/thebluevalkyrie,http://i.imgur.com/EvZU3pP.png,,,,,,,,,,,,,,,,,,,,,,,,
Eric Alexander Arroyo,Male,Cuban American,,,,,1991,,Cartoonist,,,,,,,Weekly Nuclear Fiction," Boy, I Love You (co-editor, contributor)",,,,,,,,,,,Indie, Science Fiction, Fantasy, Webcomic,,,,,http://www.nuclear-fiction.com,http://arroyeah.tumblr.com,http://twitter.com/Shmuffalo,,,,,,,,,,,,,,,,,,,,,,,,,
Eric Kostiuk Williams,Male,Ukrainian/British,,,,,1990,,Writer, Illustrator,,,,,,The Collected Hungry Bottom Comics, QU33R (contributor), Vym Magazine (contributor),,,,,,,,,,Autobiographical, Cultural Criticism, Indie,,,,,,http://www.ericdraws.com,,http://www.twitter.com/kostiukwilliams,,,,,,,,,,,,,,,,,,,,,,,,,
Eric Orner,,,,,,,,,,,,,,,,No Straight Lines (contributor),,,,,,,,,,,,Indie,,,,,,,,,,,,,,,,,,,,,,,,,,,,,,,,,,,
Eric Shanower,,,,,,,,,,,,,,,,No Straight Lines (contributor),,,,,,,,,,,,,,,,,,,,,,,,,,,,,,,,,,,,,,,,,,,,,,,
Erika Moen,,,,,,,,,,,,,,,,No Straight Lines (contributor), Oh Joy Sex Toy,,,,,,,,,,,Webcomics,,,,,,,,http://www.ohjoysextoy.com/,,,,,,,,,,,,,,,,,,,,,,,,,,,
Eve G,N/A,British,,,,Scotland,,,Creator,,,,,,,Inhibit,,,,,,,,,,,,Webcomic,,,,,,,,http://inhibitcomic.com,http://evegwood.carbonmade.com,http://twitter.com/evegwood,https://pbs.twimg.com/profile_images/596708599151362048/hC110tYO_400x400.png,,,,,,,,,,,,,,,,,,,,,,,,
Ewa U.,Female,Polish-Lithuanian,Vilnius,,,Lithuania,1990,,Cartoonist,,,,,,,Bits Fair,,,,,,,,,,,,webcomic, fantasy,,,,,,,http://bitsfair.com,,https://twitter.com/bitsfair,http://bitsfair.com/wp-content/uploads/2015/07/Untitled-1.jpg,,,,,,,,,,,,,,,,,,,,,,,,
Fabrice Neaud,,,,,,,,,,,,,,,,No Straight Lines (contributor),,,,,,,,,,,,,,,,,,,,,,,,,,,,,,,,,,,,,,,,,,,,,,,
Fiona Avocado,Female,White,,,,,1989,,Cartoonist,,,,,,,"Jade, The Past Two Years, The Fika Diaries, Thirty Days in Brooklyn",,,,,,,,,,,,Indie, Autobiographical, Fiction,,,,,,http://fionavocado.com,,https://twitter.com/fionavocado,,,,,,,,,,,,,,,,,,,,,,,,,
Francis Marshall,Genderqueer,White British,,,,,1993,,Student, Creator,,,,,,Nonsense,,,,,,,,,,,,Webcomic, Short Comics,,,,,,,http://nonsensecomic.com,http://blossompigeon.tumblr.com/,https://twitter.com/tytonidaeus,,,,,,,,,,,,,,,,,,,,,,,,,
Francois Peneaud,,,,,,,,,,,,,,,,No Straight Lines (contributor),,,,,,,,,,,,,,,,,,,,,,,,,,,,,,,,,,,,,,,,,,,,,,,
G. Pike,Genderqueer,American,,,,,1984,,Creator/Writer/Cartoonist,,,,,,,Title Unrelated, Otherwood,,,,,,,,,,,Indie/Webcomic,,,,,,,,http://titleunrelated.com,http://twapa.tumblr.com,https://twitter.com/gpike_,,,,,,,,,,,,,,,,,,,,,,,,,
Gage (CatComixzStudios) Lippolt,Male,White American,,,,,1994,,Creator, artist, writer,,,,,Cat Comixz,,,,,,,,,,,,Strips,,,,,,,,http://catcomixzstudios.deviantart.com/,http://catcomixzstudios.tumblr.com/,https://twitter.com/CatComixStudios,,,,,,,,,,,,,,,,,,,,,,,,,
Gary Lucia,Male,American,,,,,1970,,Cartoonist, Writer,,,,,,Tweaked/Gary Tales, Jo-Jo the Snow-Bastard,,,,,,,,,,,Weekly Comic Strip,,,,,,,,https://www.facebook.com/pages/TweakedGary-Tales-Comic-Strip/161726967196517,https://about.me/garylucia#,https://twitter.com/FlashingGreen,,,,,,,,,,,,,,,,,,,,,,,,,
Gengoroh Tagame,Male,Japanese,,,,,1964,,,,,,,,,,,,,,,,,,,,,Manga,,,,,,,,http://en.wikipedia.org/wiki/Gengoroh_Tagame,,,,,,,,,,,,,,,,,,,,,,,,,,,
Gina Kamentsky,,,,,,,,,,,,,,,,No Straight Lines (contributor),,,,,,,,,,,,,,,,,,,,,,,,,,,,,,,,,,,,,,,,,,,,,,,
Gisele Jobateh,Female,African Canadian,,,,,1988,,Creator,,,,,,,Star Trip,,,,,,,,,,,,Webcomic,,,,,,,,http://startripcomic.com/,http://giselejobateh.artworkfolio.com/,https://twitter.com/Organicstarship,,,,,,,,,,,,,,,,,,,,,,,,,
Glen Hanson,,,,,,,,,,,,,,,,No Straight Lines (contributor),,,,,,,,,,,,,,,,,,,,,,,,,,,,,,,,,,,,,,,,,,,,,,,
Greg Fox,Male,American,,,,,,,Creator,,,,,,,Kyle's Bed & Breakfast,,,,,,,,,,,,Mainstream, Strips, Webcomic,,,,,,http://www.kylecomics.com,http://www.facebook.com/kylecomics,http://twitter.com/KyleComics,,,,,,,,,,,,,,,,,,,,,,,,,
H.D. Harris,Male,Black,,,,,1985,,Cartoonist,,,,,,,Amara,,,,,,,,,,,,Webcomic,,,,,,,,http://amara.webcomic.ws/,,https://twitter.com/Hdharris_irl,,,,,,,,,,,,,,,,,,,,,,,,,
Hanna-Pirita Lehkonen,Genderqueer,Finnish,,,,,1987,,Creator, Editor in chief,,,,,,Herätys (2009), Arvostelukirja anthology (2011), Kaksi masentavaa tarinaa (2012)," Hyi, Homoa! anthology (2012)", Gaijin 1 anthology (2013), Gaijin 2 anthology (2014), Lepakkoluola anthology (2014), Silly Ghost (2014-),,,,,Indie, Webcomic,,,,,,,http://hannapirita.sarjakuvablogit.com/,http://www.teamparvelo.com/etusivu-en,https://twitter.com/hannapirita,,,,,,,,,,,,,,,,,,,,,,,,,
Harmony Bianca,,,,,,,,,,,,,,,,Gay Genius,,,,,,,,,,,,,,,,,,,,,,,,,,,,,,,,,,,,,,,,,,,,,,,
Harry Saxon,Male,Greek,,,,,1982,,Colourist/Cartoonist/Illustrator,,,,,,,,,,,,,,,,,,,Any,,,,,,,,http://about.me/harryasaphsaxon,http://asaph.deviantart.com/gallery/,http://twitter.com/Eru_Rouraito,,,,,,,,,,,,,,,,,,,,,,,,,
Hazel Newlevant,Female,White American,,,,,1991,,Cartoonist, Editor,,,,,,If This Be Sin, Chainmail Bikini (contributor and editor),,,,,,,,,,,Indie, Autobiographical, Creative nonfiction,,,,,,http://newlevant.com/,http://newlevant.tumblr.com,https://twitter.com/HNewlevant,,,,,,,,,,,,,,,,,,,,,,,,,
Higu Rose,Agender,Black,,,,,1990,,Illustrator, writer,,,,,,White Boy Thirst, Brat, SULK, STEW,,,,,,,,,Indie,,,,,,,,http://swamp-monster.net,http://vagrats.tumblr.com,http://twitter.com/higoons,,,,,,,,,,,,,,,,,,,,,,,,,
Hilary B. Price,Female,American and Jewish,Northampton, MA,,United States,1969,,Cartoonist,,,,,,,Rhymes With Orange,,,,,,,,,,,,Newspaper Comic Strip,,,,,,,,http://www.rhymeswithorange.com,http://www.Facebook.com/RhymesComic,http://www.twitter.com/hilary_price,,,,,,,,,,,,,,,,,,,,,,,,,
Howard Russell Cruse,Male,American,,,,,1944,,Writer, Artist, Cartoonist,,,,,Stuck Rubber Baby, The Complete Wendel, Early Barefootz, The Other Sides of Howard Cruse, From Headrack to Claude, Felix's Friends,,,,,,,Underground; Indie,,,,,,,,http://www.howardcruse.com,https://www.facebook.com/howard.cruse.3,https://twitter.com/HowardCruse,,,,,,,,,,,,,,,,,,,,,,,,,
Isabel Franc,,,,,,,,,,,,,,,,No Straight Lines (contributor),,,,,,,,,,,,,,,,,,,,,,,,,,,,,,,,,,,,,,,,,,,,,,,
"Ivan Velez, Jr.",,,,,,,,,,,,,,,,No Straight Lines (contributor),,,,,,,,,,,,,,,,,,,,,,,,,,,,,,,,,,,,,,,,,,,,,,,
Ivy Jane,Female,Australian (white),,,,,1994,,Writer/Artist,,,,,,,Computer Love,,,,,,,,,,,,Romance, Science Fiction, Slice of Life, Drama,,,,,http://www.clcomic.com/,,https://twitter.com/burgeroise,,,,,,,,,,,,,,,,,,,,,,,,,
J Bevard Hargrave,Male,American,Dallas, TX,,United States,1981,,Writer, Artist, Penciler, Inker, Creator, Cartoonist,,Elegant Battle Face Teenagers,,,,,,,,,,,,Indie, Slipstream, Superhero, Queer, SciFi,,,,http://jbevardhargrave.tumblr.com,,http://twitter.com/jbevardhargrave,http://40.media.tumblr.com/f8e12ae9de6e97979491388f868addd4/tumblr_nriqwbDg0s1u9v4b8o1_1280.jpg,,,,,,,,,,,,,,,,,,,,,,,,
J.D. Benefield,Male,German,Claxton, GA,,United States,1983,,Creator, Writer, Artist,,,,,Random Battles,,,,,,,,,,,,Webcomic,,,,,,,,http://randombattlescomic.com,http://jinraoh.tumblr.com/,https://twitter.com/Ratix_L,http://randombattles.the-comic.org/images/comics/79/65a6ba4cf7d11afa435da6a2620a8837462095630.jpg,,,,,,,,,,,,,,,,,,,,,,,,
J.N. Monk,non-binary/agender,Black American,,,,,1986,,Writer/Editor/Creator,,,,,,,Disruption, StarHammer,,,,,,,,,,,Indie, Webcomic, Sci-fi/Fantasy, Superhero,,,,,http://jnmonk.tumblr.com,,http://twitter.com/JN_Monk,,,,,,,,,,,,,,,,,,,,,,,,,
Jack Gross,Genderqueer,American,,,,,1993,,Cartoonist,,,,,,,Wizard Friends, Near Water,,,,,,,,,,,Indie,,,,,,,,http://cargocollective.com/jackgross,,http://twitter.com/_jackgross,,,,,,,,,,,,,,,,,,,,,,,,,
Jackie Davis,,,,,,,,,,,,,,,,Gay Genius,,,,,,,,,,,,,,,,,,,,,,,,,,,,,,,,,,,,,,,,,,,,,,,
Jade F. Lee,,,,,,,,,,,,,,,,,,,,,,,,,,,,,,,,,,,,,,,,,,,,,,,,,,,,,,,,,,,,,,,
Jaime Cortez,,,,,,,,,,,,,,,,Sexile,,,,,,,,,,,,,,,,,,,,,,,,,,,,,,,,,,,,,,,,,,,,,,,
James Romberger,,,,,,,,,,,,,,,,No Straight Lines (contributor),,,,,,,,,,,,,,,,,,,,,,,,,,,,,,,,,,,,,,,,,,,,,,,
Jared Axelrod,,,,,,,,,,,,,,,,,,,,,,,,,,,,,,,,,,,,,,,,,,,,,,,,,,,,,,,,,,,,,,,
Jasmine Schuett,Female,Canadian,Vancouver,British Columbia,,Canada,1990,,Cartoonist, Illustrator,,,,,,Space Club,,,,,,,,,,,,Webcomic,,,,,,,,http://www.spaceclubcomic.tumblr.com,http://www.nightmareofhair.tumblr.com,https://twitter.com/nightmareofhair,,,,,,,,,,,,,,,,,,,,,,,,,
Jason A. Quest,Male,Canadian-American,,,,,1975,,versatile,,,,,,,"JAQrabbit Tales, Everybody's Doin' It, Anything That Loves (contributor)",,,,,,,,,,,,porn, autobio,,,,,,,http://JAQrabbit.com,http://Tales.JAQrabbit.com,https://twitter.com/jasonaquest,,,,,,,,,,,,,,,,,,,,,,,,,
Jax Nguyen,Female,Vietnamese American,Los Angeles, CA,,United States,1992,,Creator,,,,,,,Not Quite There,,,,,,,,,,,,Webcomic,,,,,,,,http://nqtcomic.com/,http://veloursrose.tumblr.com/,https://twitter.com/VeloursRose,,,,,,,,,,,,,,,,,,,,,,,,,
Jay Fuller,,,,,,,,,,,,,,,,Boy in Pink Earmuffs,,,,,,,,,,,,,,,,,,,,http://www.boyinpinkearmuffs.com/,,https://twitter.com/DepthDeception,,,,,,,,,,,,,,,,,,,,,,,,,
Jayd Aït-Kaci (Chira),Female,Venezuelan-Berber,,,,,1987,,Creator, Artist,,,,,,Sfeer Theory Issue 1 (2012), Sfeer Theory Issue 2 (2013), That Which Wills (2013),,,,,,,,,,Webcomic, Fantasy, Indie,,,,,,http://sfeertheory.littlefoolery.com/,http://chirart.tumblr.com/,https://twitter.com/JaydAteCake,,,,,,,,,,,,,,,,,,,,,,,,,
Jeff Krell,Male,American,,,,,1959,,Writer, Cartoonist, Translator,,,,,Jayson Goes to Hollywood, Jayson Gets a Job!,,,,,,,,,,,Humor,,,,,,,,http://ignite-ent.com,https://www.facebook.com/jeff.krell,https://twitter.com/jeffkrelljayson,,,,,,,,,,,,,,,,,,,,,,,,,
Jennifer Doyle (theyoungdoyler),Genderqueer,Indonesian American,,,,,1990,,Writer, Artist, Colorist,,,,,Knights-Errant: Pavane, Travesty,,,,,,,,,,,Webcomic,,,,,,,,http://theyoungdoyley.tumblr.com,http://knightserrantcomic.tumblr.com,https://twitter.com/theyoungdoyler,,,,,,,,,,,,,,,,,,,,,,,,,
Jennifer Camper,Female,Mongrel Arab-White,,,,,,,Cartoonist, Comics Editor,,,,,,"Juicy Mother 2 (Manic D Press, 2007)"," Juicy Mother 1 (Soft Skull Press, 2005)"," subGURLZ (Cleis Press, 1999)"," Rude Girls and Dangerous Women (Laugh Lines Press, 1994)",,,,,,,,,Fiction, Humor, Indie,,,,,,http://www.jennifercamper.com,,,,,,,,,,,,,,,,,,,,,,,,,,,
Jenny Gonzalez-Blitz,Genderqueer,Cuban + Irish,,,,,1972,,Cartoonist,,,,,,,Platform Edge, Living In La-La Land, World War 3 Illustrated," Occupy Comics, House of 12",,,,,,,,,Indie, Webcomic, Political,,,,,,http://madratpandemonium.blogspot.com/,http://www.webcomicsnation.com/jennydevildoll/lalaland/series.php,https://twitter.com/jennydevildoll,,,,,,,,,,,,,,,,,,,,,,,,,
Jenny Lin,Female,Taiwanese Canadian,Montreal,,Quebec,Canada,1976,,Writer, Creator, Cartoonist,,,,,"Skinny Leg, The Queers",,,,,,,,,,,,Memoir, Horror,,,,,,,http://jenny-lin.ca/,,,http://4.bp.blogspot.com/-jvC32DbDwJA/VfGYkEFmEnI/AAAAAAAABPU/Yu-hRRAHchc/s1600/Front_Cover.jpg,,,,,,,,,,,,,,,,,,,,,,,,
Jenny McKeon,Female,,,,,,1990,,creator,,,,,,,Eerie PD, Blush, ABC,,,,,,,,,,webcomic, Indie, manga,,,,,,http://jchannel.tumblr.com,http://www.eeriepd.com,http://twitter.com/jchannel,,,,,,,,,,,,,,,,,,,,,,,,,
Jeremy Sorese,Male,,,,,,1988,,Artist,,,,,,,"Curveball, published by Nobrow",,,,,,,,,,,,Science Fiction, Indie,,,,,,,http://jeremysorese.com,,http://twitter.com/jeremy_sorese,,,,,,,,,,,,,,,,,,,,,,,,,
Jerry Mills,,,,,,,,,,,,,,,,No Straight Lines (contributor),,,,,,,,,,,,,,,,,,,,,,,,,,,,,,,,,,,,,,,,,,,,,,,
Jess Fink,Female,American,,,,,1981,,Cartoonist,,,,,,,Chester 5000 xyv, We Can Fix It, Kid with Experience, Smut Peddler, We Are Become Pals,,,,,,,,Webcomics, Autobio comics, Erotic comics,,,,,,http://jessfink.com/,http://jessfink.tumblr.com/,https://twitter.com/JessFink,,,,,,,,,,,,,,,,,,,,,,,,,
Jiro Ghianni,Genderqueer transmale,Dutch/Italian,,,,,1975,,Cartoonist,,,,,,,"The Bosoms, What if...?, The Qualiens",,,,,,,,,,,,Strips, Topical, Queer, Webcomic, Zine,,,,http://www.thebosoms.com,https://www.facebook.com/TheBosoms,http://twitter.com/thebosoms,,,,,,,,,,,,,,,,,,,,,,,,,
Joamette Gil,Twospirit,Afro-Cuban,,,,,1989,,Cartoonist,,,,,,,Margarite & Leopold, Yesterday, clearQuartz,,,,,,,,,,Urban Fantasy, Slice of Life, Autobiographical,,,,,,http://joamettegil.com,http://joamettegil.tumblr.com/,http://twitter.com/joamettegil,,,,,,,,,,,,,,,,,,,,,,,,,
Joan Hilty,,,,,,,,,,,,,,,,No Straight Lines (contributor),,,,,,,,,,,,,,,,,,,,,,,,,,,,,,,,,,,,,,,,,,,,,,,
Joana Estrela,,,,,,,,,,,,,,,,,,,,,,,,,,,,Indie,,,,,,,,http://joanaestrela.tumblr.com/,,,,,,,,,,,,,,,,,,,,,,,,,,,
Joel Craig,Male,Caucasian,,,,,,,Writer, Cartoonist,,,,,,"Welcome To Nursing HELLo, a Graphic Memoir",,,,,,,,,,,,Graphic Memoir,,,,,,,,Http://www.facebook.com/WelcomeToNursingHELLo,Http://www.WelcomeToNursingHELLo.com,http://www.twitter.com/NursingHello,,,,,,,,,,,,,,,,,,,,,,,,,
Joey Alison Sayers,Female,American,,,,,,,Cartoonist,,,,,,,Just So You Know, Stupid Dreams, Teen Power, No Straight Lines (contributor), Mad Magazine (contributor),,,,,,,,Indie,,,,,,,,http://www.jsayers.com/,,https://twitter.com/joeyalison,,,,,,,,,,,,,,,,,,,,,,,,,
Johnny Velour,,,,,,,,,,,,,,,,,,,,,,,,,,,,,,,,,,,,,,,,,,,,,,,,,,,,,,,,,,,,,,,
Jon Macy,Male,,,,,,1964,,Cartoonist,,,,,,,Tropo, Nefarismo, Teleny and Camille, Fearful Hunter,,,,,,,,,Indie,,,,,,,,http://www.jonmacy.com/,http://en.wikipedia.org/wiki/Jon_Macy,https://twitter.com/JonMacy,,,,,,,,,,,,,,,,,,,,,,,,,
Jonathan Kittaka,Genderqueer,Japanese American,,,,,1991,,Writer, Artist,,,,,,"How You Like Your Eggs, Carleton Graphic",,,,,,,,,,,,Indie,,,,,,,,http://www.carletongraphic.com/?cat=267,http://jkittaka.tumblr.com/,https://twitter.com/jonkittaka,,,,,,,,,,,,,,,,,,,,,,,,,
Jose-Luis Olivares,,,,,,,,,,,,,,,,QU33R (contributor),,,,,,,,,,,,,,,,,,,,,,,,,,,,,,,,,,,,,,,,,,,,,,,
Josh Trujillo,Male,Native-American / Mixed,,,,,1985,,writer, editor,,,,,,"Love Machines, Death Saves",,,,,,,,,,,,romance, indie, history, humor,,,,,http://www.joshtrujillo.com,http://losthiskeysman.tumblr.com/,http://www.twitter.com/losthiskeysman,,,,,,,,,,,,,,,,,,,,,,,,,
Joshua Cross,Male,White American,,,,,1991,,Cartoonist,,,,,,,It's Not Morning Yet,,,,,,,,,,,,Indie,,,,,,,,lurvsick.com,lurvstruck.itch.io,http://twitter.com/lurvsick,http://lurvsick.com/images/aboutjosh.jpg,,,,,,,,,,,,,,,,,,,,,,,,
Julia Wertz,Female,Caucasian,,,,,1982,,Cartoonist,,,,,,,Fart Party, Drinking at the Movies, The Infinite Wait, Museum of Mistakes,,,,,,,,,Indie,,,,,,,,http://www.juliawertz.com/,http://en.wikipedia.org/wiki/Julia_Wertz,https://twitter.com/Julia_Wertz,,,,,,,,,,,,,,,,,,,,,,,,,
JULIACKS,Female,American / German Jewish heritage,Amsterdam / New Jersey / Nomad,,,,1986,,Creator, Cartoonist,,,,,,Swell, Invisible Forces, Rock That Never Sleeps, soon- Architecture of an Atom,,,,,,,,,Indie, Art,,,,,,,http://www.juliacks.com ,http://www.facebook.com/thisisjuliacks,http://www.twitter.com/@J_U_L_I_A_C_K_S,http://www.juliacks.com/images/projects/invisibleforces/credits/juliacksinpori.jpg,,,,,,,,,,,,,,,,,,,,,,,,
Julie Marie Fiveash,Female,"Half-Navajo, Mexican American, and White",,,,,1991,,Writer and Artist,,,,,,,Follow, Angry Beautiful Women, Interning at the Fine Art Museums of San Francisco,,,,,,,,,,Indie, Self-Published, Webcomic,,,,,,http://jooliefiveash.tumblr.com/,,,,,,,,,,,,,,,,,,,,,,,,,,,
Justin Hall,Male,,,,,,,,Cartoonist, Editor,,,,,,Hard to Swallow, No Straight Lines (editor), QU33R (contributor),,,,,,,,,,Indie,,,,,,,,http://www.justinhallcomics.com/,,https://twitter.com/justincomics,,,,,,,,,,,,,,,,,,,,,,,,,
K. Guillory,Female,Black/French Creole,,,,,1982,,Writer, Artist,,,,,,"Blood Money, The Other World, Odyssey, Transhuman Resources",,,,,,,,,,,,Indie, Horror, Webcomic,,,,,,http://ashurcollective.com,http://facebook.com/ashur.art,http://twitter.com/kgpaints,,,,,,,,,,,,,,,,,,,,,,,,,
K.F. Golden,Genderqueer,Asian American,,,,,1992,,Writer, Artist, Creator, Cartoonist,,,,,,,,,,,,,,,,Indie,,,,,,,,http://kfgolden.weebly.com,http://callmemidas.tumblr.com,,,,,,,,,,,,,,,,,,,,,,,,,,
Ka Yan Cheung,Female,Asian American,,,,,1984,,Creator, Cartoonist,,,,,,,,,,,,,,,,,,Indie, memoir, oral history, political,,,,,http://kayancheung.tumblr.com,,,,,,,,,,,,,,,,,,,,,,,,,,,
Kat Verhoeven,Female,Canadian,Toronto,,Ontario,Canada,1986,,Cartoonist, Creator,,,,,,Towerkind, Meat & Bone,,,,,,,,,,,Art comics, slice of life, supernatural, webcomic,,,,,http://meatandbonecomic.tumblr.com,http://verwho.tumblr.com,http://twitter.com/verwho,http://41.media.tumblr.com/07bda5ce0856b2dfdfc7069e019eab90/tumblr_npaql8Y68F1tg0mqlo1_1280.jpg,,,,,,,,,,,,,,,,,,,,,,,,
Kate Leth,Female,,,,,,,,Writer, Artist,,,,,,Kate or Die, Little Ghost, Anything That Loves (contributor), Writer: Bravest Warriors, Adventure Time: Seeing Red, Adventure Time: Bitter Sweets, Fraggle Rock, Edward Scissorhands, Power Up,,,,,,,,,,,,http://kateordiecomics.com/,,https://twitter.com/kateleth,,,,,,,,,,,,,,,,,,,,,,,,,
Kathleen Jacques,Female,Canadian,,,,,,,Cartoonist, Creator,,,,,,Band Vs. Band Comix,,,,,,,,,,,,Webcomic,,,,,,,,http://www.bvbcomix.com,http://www.kathmachine.tumblr.com,http://twitter.com/kathmachine,,,,,,,,,,,,,,,,,,,,,,,,,
Kayla E.,Female,Latinx,Dallas,,,United States,1989,,Cartoonist,,,,,,,Bringing Up Kayla, Canteen Kayla, Not All Men!, Kayla Sees America,,,,,,,,,Indie,,,,,,,,http://www.kaylaework.com,http://kayla-e.tumblr.com,,http://www.kaylaework.com/uploads/1/7/7/8/1778030/canteen_kayla_1.jpeg,,,,,,,,,,,,,,,,,,,,,,,,
Keezy Young,Female,American,Seattle,WA,,United States,,,Creator,,,,,,,Taproot,,,,,,,,,,,,Webcomic, Indie,,,,,,,http://www.keezyyoung.com/,http://key-of-zee.tumblr.com/,https://twitter.com/KyoungKeezy,http://static1.squarespace.com/static/5411dda2e4b02e1c8b276b99/555e42ede4b0777b1da53ca0/557c8121e4b02f16630b5c2a/1434222954772/Rooster+Girl.png?format=500w,,,,,,,,,,,,,,,,,,,,,,,,
Kevin Boze,,,,,,,,,,,,,,,,Anything That Loves (contributor),,,,,,,,,,,,,,,,,,,,,,,,,,,,,,,,,,,,,,,,,,,,,,,
Kevin Seccia,,,,,,,,,,,,,,,,No Straight Lines (contributor),,,,,,,,,,,,,,,,,,,,,,,,,,,,,,,,,,,,,,,,,,,,,,,
Kez / Mister Loki,Male,,Los Angeles, CA,,United States,1991,,Comic Artist,,,,,,,If There Be Magic, Those Spaces Between, Until the Last Dog Dies,,,,,,,,,,Indie,,,,,,,,http://www.misterloki.com,http://www.misterloki.tumblr.com,https://twitter.com/TheMisterLoki,http://www.lastdogdies.com/files/artistsbio.png,,,,,,,,,,,,,,,,,,,,,,,,
Knave Murdok,Female,American,,,,,,,Writer, Artist, Penciler, Inker, Creator, Cartoonist,,TransCat, Dave the Punk Rock Cat,,,,,,,,,,,Indie,,,,,,,,http://parasomniacomics.blogspot.com,https://www.facebook.com/Parasomniacomics,https://twitter.com/KnaveMurdok,,,,,,,,,,,,,,,,,,,,,,,,,
Kord I. Fierro,Genderqueer,Chicano,,,,,1985,,Writer, Creator,,,,,,,,,,,,,,,,,,,,,,,,,,http://xnor.mx,http://pixyfoo.com,https://twitter.com/0x786e6f72,,,,,,,,,,,,,,,,,,,,,,,,,
Kori Michele Handwerker,Bigender/nonbinary,Caucasian American,,ME,,United States,1986,,Cartoonist,,,,,,,Prince of Cats, Dovetail,,,,,,,,,,,Romance, webcomic, fantasy,,,,,,http://korimichele.com,http://koricomics.tumblr.com/,http://twitter.com/korimichele,http://41.media.tumblr.com/bd266bea1db1fb20b56a81881a748f4a/tumblr_nr1favy70h1u59bd3o3_250.jpg,,,,,,,,,,,,,,,,,,,,,,,,
Kou Chen,Genderqueer,Taiwanese American,,,,,1991,,Cartoonist,,,,,,,"Boy, I Love You (co-editor, contributor)", Crow's Blood,,,,,,,,,,,Slice of Life, Manga, Webcomics, Fantasy,,,,,http://www.koukounut.com,http://vainvanes.tumblr.com,http://www.twitter.com/koukounut,,,,,,,,,,,,,,,,,,,,,,,,,
Kris Anka,Male,"Half-Malaysian, quarter Irish & Syrian",,,,,1989,,Artist,,,,,,,Uncanny X-men, All-New X-Factor,,,,,,,,,,,Mainstream,,,,,,,,http://kristaferanka.tumblr.com,,https://twitter.com/kristaferanka,,,,,,,,,,,,,,,,,,,,,,,,,
Kris Dresen,,,,,,,,,,,,,,,,No Straight Lines (contributor),,,,,,,,,,,,,,,,,,,,http://www.krisdresencomics.com/,,https://twitter.com/krisdresen,,,,,,,,,,,,,,,,,,,,,,,,,
Kriss Stress,Genderqueer,,,,,,,,,,,,,,,Retinal Scan,,,,,,,,,,,,diary comics, anthology comics,,,,,,,http://www.Facebook.com/krissstressart ,,,,,,,,,,,,,,,,,,,,,,,,,,,
Kristen Van Dam,Female,"Puerto Rican, Native American",,,,United States,1982,,Writer, Inker, Letterer, Cartoonist, Creator,,,Minor Acts of Heroism, S.T.O.P.,,,,,,,,,,,webcomic,,,,,,,,http://www.minoractsofheroism.com/,,,,,,,,,,,,,,,,,,,,,,,,,,,
Kubb E. Bear,,,,,,,,,,,,,,,,Gay Genius (contributor),,,,,,,,,,,,,,,,,,,,,,,,,,,,,,,,,,,,,,,,,,,,,,,
L. Nichols,Male,American,,,,,1983,,Creator,,,,,,,Flocks, Jumbly Junkery, QU33R (contributor),,,,,,,,,,,,,,,,,,http://www.grindstonecomics.com,http://wormulus.tumblr.com,https://twitter.com/wormulus,,,,,,,,,,,,,,,,,,,,,,,,,
L.B. Lee,,,,,,,,,,,,,,,,Gender Evolution,,,,,,,,,,,,,,,,,,,,http://lb-lee.deviantart.com/,,,,,,,,,,,,,,,,,,,,,,,,,,,
Laura Kenin_,Female,Latvian Canadian,,,,,1985,,Writer, Artist, Creator,,,,,She Wants to Tell Me, Birch Control (self-published),,,,,,,,,,,Indie,,,,,,,,http://www.laurakenins.com,http://birchcontrol.tumblr.com,,,,,,,,,,,,,,,,,,,,,,,,,,
Laurel Lynn Leake,Female,USA/White,,,,,1987,,Cartoonist, Writer, Artist, Inker, Colorist,,,Deep Forest," Poly Morphous, All Rumors Are True",,,,,,,,,,,Indie,,,,,,,,http://counterintuitivecomics.tumblr.com/,http://laurellynnleake.storenvy.com/,,,,,,,,,,,,,,,,,,,,,,,,,,
Lawrence Schimel,Male,US,Madrid,,,Spain,1971,,Writer, Translator,,,,,,Vacation in Ibiza, Juicy Mother 2 (contributor),,,,,,,,,,,,,,,,,,,,,https://twitter.com/lawrenceschimel,,,,,,,,,,,,,,,,,,,,,,,,,
Leah Eburne,Female,Half Nigerian,,,,,1984,,Co-Writer,,,,,,,Modus Operandi (2014),,,,,,,,,,,,Webcomic,,,,,,,,http://www.mo-comic.com,,,,,,,,,,,,,,,,,,,,,,,,,,,
Leanne Franson,Female,"Canadian, Caucasian",,,,,1963,,Cartoonist, Creator,,,,,,Liliane Bi-Dyke, Anything That Loves (contributor), No Straight Lines (contributor),,,,,,,,,,Autobio, webcomic, graphic novel, strips,,,,,http://liliane.comicgen.com,http://leannefranson.com,,,,,,,,,,,,,,,,,,,,,,,,,,
Lee Relvas,,,,,,,,,,,,,,,,Gay Genius (contributor),,,,,,,,,,,,,,,,,,,,,,,,,,,,,,,,,,,,,,,,,,,,,,,
Leia Weathington ,Female,,,,,,,,Writer; Artist,,,,,,,Bold Riley,,,,,,,,,,,,,,,,,,,,http://ahappygoluckyscamp.com/,,https://twitter.com/MasonLeia,,,,,,,,,,,,,,,,,,,,,,,,,
Lena H. Chandhok,,,,,,,,,,,,,,,,Anything That Loves (contributor),,,,,,,,,,,,,,,,,,,,,,,,,,,,,,,,,,,,,,,,,,,,,,,
Leo Lopez (Leo Puppytime),Male,Mexican-American,,,,,1979,,Writer, Artist, Cartoonist (Mr Panda Press and Chopsticks & Chocolate),,,,,Sexy Post Office, Whiskers Galore, The Stop & Go Show, La Giggles,,,,,,,,,Indie,,,,,,,,http://puppytimeusa.tumblr.com,,https://twitter.com/puppytimeusa,,,,,,,,,,,,,,,,,,,,,,,,,
Leroi Newbold,,,,,,,,,,,,,,,,Gay Genius (contributor),,,,,,,,,,,,,,,,,,,,,,,,,,,,,,,,,,,,,,,,,,,,,,,
Leslie Ewing,,,,,,,,,,,,,,,,No Straight Lines (contributor),,,,,,,,,,,,,,,,,,,,,,,,,,,,,,,,,,,,,,,,,,,,,,,
Letty Wilson,Female,Scottish/British,Glasgow,,,Scotland,1991,,writer, artist,,,,,,Cosmic (artist) , the Stoorworm (artist) , Weird Moose (artist writer) , Meteor (artist writer),,,,,,,,,indie, sci-fi, fantasy, superhero,,,,,http://lettydraws.tumblr.com/,http://www.panelspublishing.com/,https://twitter.com/patchworkperson,https://m2.behance.net/rendition/pm/18918125/hd/5ddea8acd6a188d9170a2fed07157a59.jpg,,,,,,,,,,,,,,,,,,,,,,,,
Lonnie Mann,Male,"White, Jewish",Seattle, WA,,United States,1986,,Cartoonist,,,,,,,Thoughts From Iceland, Lonnie Comics,,,,,,,,,,,Autobio, webcomic, travelogue,,,,,,http://www.LonnieComics.com,https://www.facebook.com/LonnieComics,https://twitter.com/LonnieComics,https://pbs.twimg.com/profile_images/463477483916886016/7osbW5ej_400x400.jpeg,,,,,,,,,,,,,,,,,,,,,,,,
Lucy Knisley,Female,US,Chicago,IL,,United States,1985,,author/illustrator,,,,,,,"Relish, French Milk, An Age of License, Displacement",,,,,,,,,,,,autobio,,,,,,,,http://lucyknisley.com,,http://www.twitter.com/lucyknisley,,,,,,,,,,,,,,,,,,,,,,,,,
Maïmouna Younglai-Case,Female,Canadian Chinese-Black,,,,,1993,,,,,,,,,,,,,,,,,,,,,Indie,,,,,,,,http://www.myounglaicase.com/graphic-novels-shorts-comics,http://www.theduckwebcomics.com/Salt_and_Pepper/,https://twitter.com/MYounglaiCase,,,,,,,,,,,,,,,,,,,,,,,,,
Mara Sternberg (Steeltoedblues),Female,Canadian,,,,,1984,,Artist, writer, creator,,,,,,,,,,,,,,,,,Indie, comic poetry, strips,,,,,,http://www.steeltoedblues.com,http://steeltoedblues.tumblr.com,,,,,,,,,,,,,,,,,,,,,,,,,,
Margaret Trauth (Egypt Urnash),Female,American/White,,,,,1971,,Cartoonist,,,,,,,"Decrypting Rita, Five Glasses of Absinthe",,,,,,,,,,,,SF, slipstream, fantasy, erotica,,,,,http://egypt.urnash.com,,http://www.twitter.com/egypturnash,,,,,,,,,,,,,,,,,,,,,,,,,
Margreet De Heer,,,,,,,,,,,,,,,,Anything That Loves (contributor),,,,,,,,,,,,,,,,,,,,,,,,,,,,,,,,,,,,,,,,,,,,,,,
Marguerite Van Cook,Female,,New York, NY,,United States,,,Artist,,,,,,,No Straight Lines (contributor), The Late Child and Other Animals,,,,,,,,,,,,,,,,,,,http://margueritevancook.com/,,https://twitter.com/mvancook,,,,,,,,,,,,,,,,,,,,,,,,,
Mariah-Rose Marie M.,Female,"African American, Native American, White",,,,,1995,,Writer, Artist, Creator, Cartoonist,,,,,,,,,,,,,,,,Indie,,,,,,,,http://biophonies.tumblr.com/,,,,,,,,,,,,,,,,,,,,,,,,,,,
Marian Irene Runk,Female,Texan/American,,,,,1980,,Cartoonist, Writer, Artist,,,,,"The Magic Hedge, Not a Horse Girl, The Fish and the Monkey, Best Friends, QU33R (contributor)",,,,,,,,,,,,Indie, Memoir,,,,,,,http://marianrunk.com,,https://twitter.com/msrunk,,,,,,,,,,,,,,,,,,,,,,,,,
Mariko Tamaki,Female,Japanese American,,,,,,,Writer,,,,,,,This One Summer, Skim, Emiko Superstar,,,,,,,,,,Indie,,,,,,,,http://marikotamaki.blogspot.com/,,https://twitter.com/marikotamaki,,,,,,,,,,,,,,,,,,,,,,,,,
MariNaomi,Female,"Half-Japanese American, Mixed",Los Angeles, CA,,United States,1973,,Writer, Artist,,,,,,Estrus Comics (1998-2009)," Kiss & Tell: A Romantic Resume, Ages 0 to 22 (Harper Perennial, 2011)"," The  Dragon's Breath and Other True Stories (2D Cloud/Uncivilized Books, 2014), Turning Japanese (2D Cloud, 2016)",,,,,,,,,,Indie, Autobiographical,,,,,,,http://marinaomi.com,https://www.facebook.com/marinaomiart,https://twitter.com/marinaomi,http://marinaomi.com/images/carnivore-sm.jpg,,,,,,,,,,,,,,,,,,,,,,,,
Marissa Mercedes Luna,genderfluid,Mexican American/ White,,,,,1990,,Creator, artist, writer,,,,,Land of the Dead, Blue-ish Colors, Lovely Grim,,,,,,,,,,Indie,,,,,,,,http://cargocollective.com/MarissaLunaComix,http://lunadraws.tumblr.com/,,,,,,,,,,,,,,,,,,,,,,,,,,
Mary Wings,Female,,,,,,,,Cartoonist,,,,,,,Come Out Comix,,,,,,,,,,,,,,,,,,,,,,,,,,,,,,,,,,,,,,,,,,,,,,,
Mat Defiler,,,,,,,,,,,,,,,,Gay Genius (contributor),,,,,,,,,,,,,,,,,,,,,,,,,,,,,,,,,,,,,,,,,,,,,,,
Maurice Vellekoop,Male,Canadian,,,,,1964,,,,,,,,,No Straight Lines (contributor), A Nut at the Opera, Vellevision, Sex Tips from a Dominatrix (illustrator), Maurice Vellekoop's Pin-ups (illustrations), Maurice Vellekoop's ABC Book: A Homoerotic Primer, Anything That Loves (contributor), Little Heart (contributor), A Men's Room Reader,,,,,,,,,,,,http://www.mauricevellekoop.com/,,,,,,,,,,,,,,,,,,,,,,,,,,,
Meags Fitzgerald,Female,Canadian,,,,,1987,,Writer, Artist, Creator,,,,,Photobooth: A Biography, Long Red Hair,,,,,,,,,,,Graphic Memoir,,,,,,,,http://www.meagsfitzgerald.com/longredhair/,http://www.meagsfitzgerald.com/,https://twitter.com/MeagsFitzgerald,,,,,,,,,,,,,,,,,,,,,,,,,
Megan Rose Gedris,Female,American,,,,,1986,,Cartoonist, writer, artist, creator,,,,YU+ME: dream, I Was Kidnapped By Lesbian Pirates From Outer Space!!!, Meaty Yogurt, Comic Stripper, Darlin' It's Betta Down Where It's Wetta, Eat Me, The Lady Eudora Henley,,,,,,indie, webcomic, fantasy, sci-fi, humor, erotica,,,http://rosalarian.com,http://rosalarian.tumblr.com,https://twitter.com/rosalarian,,,,,,,,,,,,,,,,,,,,,,,,,
Melaina,Female,,,,,,,,Cartoonist,,,,,,,Anything That Loves (contributor), Dater's Dozen, Bewildered Bisexual, Celibacy #1 and #2," Death, Dating and Other Disasters",,,,,,,,Indie,,,,,,,,http://blog.melainacomics.com/,,,,,,,,,,,,,,,,,,,,,,,,,,,
Melanie Gillman,Genderqueer,American,,,,,1988,,Cartoonist,,,,,,,As the Crow Flies, Smbitten,,,,,,,,,,,Webcomic,,,,,,,,Http://melaniegillman.com,Http://Pigeonbits.tumblr.com,Http://twitter.com/melgillman,,,,,,,,,,,,,,,,,,,,,,,,,
Merriam Hayden,Female,White American,Kansas City Area,,,United States,1991,,writer/artist,,,,,,,Desert Grey,,,,,,,,,,,,webcomic, action/adventure, romance,,,,,,http://starkillerarts.tumblr.com/tagged/stuff-i-make,http://desertgrey.webcomic.ws/comics/first/,https://twitter.com/inthedesertwith,http://40.media.tumblr.com/76279e92945b4794753f522b5cd62ab7/tumblr_nnzu8o7WlE1rhyjbfo1_1280.png,,,,,,,,,,,,,,,,,,,,,,,,
Mia Rose Elbo,Female,Chilean,,,,,1990,,Cartoonist, Writer, Artist, Creator,,,,Becoming Me,,,,,,,,,,,,Webcomic,,,,,,,,http://bmcomic.tumblr.com/,https://www.facebook.com/bmcomic,https://twitter.com/MiaRoseElbo,,,,,,,,,,,,,,,,,,,,,,,,,
Michael Fahy,Male,Irish American,,,,,1967,,Cartoonist,,,,,,,Contributor: Boy Trouble, Juicy Mother, Three, No Straight Lines, QU33R,,,,,,,,Indie,,,,,,,,http://unclegrumpy.tumblr.com/,,,,,,,,,,,,,,,,,,,,,,,,,,,
Michel Arthur,Male,American,,,,,1987,,Cartoonist,,,,,,,Go Ye Dogs!, OUTTHERE//INHERE,,,,,,,,,,,webcomic, adventure, romance,,,,,,http://goyedogs.com,http://goatandmouse.tumblr.com,https://twitter.com/funnyanimalbook,,,,,,,,,,,,,,,,,,,,,,,,,
Michelle Gruben,,,,,,,,,,,,,,,,No Straight Lines (contributor),,,,,,,,,,,,,,,,,,,,,,,,,,,,,,,,,,,,,,,,,,,,,,,
Mike Funk,Male,White American,Brooklyn, NY,,United States,1990,,Writer, Artist,,,,,,Eat Pray Spit in my Mouth, Birdbrain, Stonewall 1969, Loud and Queer,,,,,,,,,Indie,,,,,,,,https://michaeljfunk.wordpress.com/,,https://twitter.com/othermiike,https://farm8.staticflickr.com/7476/15584799868_9bc9c71ab5_o.jpg,,,,,,,,,,,,,,,,,,,,,,,,
Mildred Louis,Female,Haitian American,,,,,1987,,Creator,,,,,,,Agents of the Realm, Bound Blades,,,,,,,,,,,Webcomic, Urban Fantasy, Fantasy,,,,,,http://artofmlouis.com/,http://adventuresinconcepting.tumblr.com/,https://twitter.com/Froregade,,,,,,,,,,,,,,,,,,,,,,,,,
Mira Ongchua,Female,,,,,,,,Writer, Artist, Cartoonist,,,,,,,,,,,,,,,,,,,,,,,,,http://miraongchua.tumblr.com,,http://twitter.com/miraongchua,,,,,,,,,,,,,,,,,,,,,,,,,
ML Snook,Female,American Caucasian,Santa Barbara, CA,,United States,1982,,Writer, Creator,,,,,,Opportunities,,,,,,,,,,,,Webcomic, sci-fi,,,,,,,http://www.opportunitiesinspace.com,,https://twitter.com/s_incerely,http://opportunitiesinspace.com/wp-content/uploads/2015/08/Opps-ch6-pg40crop.gif,,,,,,,,,,,,,,,,,,,,,,,,
Mysh,,,,,,,,,,,,,,,,No Straight Lines (contributor),,,,,,,,,,,,,,,,,,,,,,,,,,,,,,,,,,,,,,,,,,,,,,,
Natasha L. Barredo,Female,Asian,,,,,1990,,Visual Development Artist, Cartoonist,,,,,,N/A,,,,,,,,,,,,Indie,,,,,,,,http://natashalb.tumblr.com,,http://twitter.com/KUHNUCKLES,,,,,,,,,,,,,,,,,,,,,,,,,
Nero O'Reilly,Male,Half-Panamanian,,,,,1993,,Creator, Cartoonist,,,,,,"Golden Trick!, Carnivore Planet",,,,,,,,,,,,Indie, Webcomic, Adult,,,,,,http://www.trumpetshark.com,http://trumpetsharkcomics.tumblr.com,https://twitter.com/trumpetshark,,,,,,,,,,,,,,,,,,,,,,,,,
Nia King,Female,Mixed,,,,,1987,,Cartoonist,,,,,,,We Are Not White Lesbians (zine),,,,,,,,,,,,Indie,,,,,,,,http://Comicsbynia.tumblr.com,http://www.Artactivistnia.com,Http://www.twitter.com/artactivistnia,,,,,,,,,,,,,,,,,,,,,,,,,
Nicholas Almand,Male,,,,,,,2013,Writer,,,,,,,Razor Kid, Orphan Blade,,,,,,,,,,,Comic, Superhero, Manga, Mainstream,,,,,http://www.sonsofnowhere.com/,http://nickalmand.deviantart.com/,,,,,,,,,,,,,,,,,,,,,,,,,,
Nick Leonard,,,,,,,,,,,,,,,,Anything That Loves (contributor),,,,,,,,,,,,,,,,,,,,,,,,,,,,,,,,,,,,,,,,,,,,,,,
Nick Sumida,Male,,,,,,,,,,,,,,,Snackies,,,,,,,,,,,,Indie,,,,,,,,http://nicksumida.com/,,https://twitter.com/nsumida,,,,,,,,,,,,,,,,,,,,,,,,,
Nicole J. Georges,Female,,,,,,,,Cartoonist,,,,,,,Calling Dr. Laura,,,,,,,,,,,,,,,,,,,,,,,,,,,,,,,,,,,,,,,,,,,,,,,
Niki Smith,Female,White American,,,,,1986,,Creator, Artist,,,,,,In Maps & Legends, Friends, Your Hair, No Questions, Farmgirl (in Smut Peddler 2014), Crossplay, Islet (Beyond Anthology), Rings on Her Fingers,,,,,Indie, Webcomic, Erotica,,,,,,http://niki-smith.com,http://niki-smith.tumblr.com,https://twitter.com/niki_smith,,,,,,,,,,,,,,,,,,,,,,,,,
Noel Arthur Heimpel,Genderfluid/nonbinary,American,,,,,1990,,,,,,,,,Ignition Zero,,,,,,,,,,,,Webcomics,,,,,,,,http://ignitionzero.com,http://www.noelheimpel.com,http://twitter.com/noelarthurian,,,,,,,,,,,,,,,,,,,,,,,,,
Noel Franklin,Female,Native American / Mixed Ethnicity,,,,,1971,,Cartoonist,,,,,,,Gone Girl Comics,,,,,,,,,,,,Indie, Autobio, Comics Journalism,,,,,,http://www.noelfranklin.com,http://inktart.org/tag/noel-franklin/,https://twitter.com/gonegirlcomics/,,,,,,,,,,,,,,,,,,,,,,,,,
Olivia Stephens (Olive),Female,African American/ Mixed,"Providence,  RI/Seattle, WA",,,,1995,,Creator, Cartoonist,,,,,,Alone, Nuclear,,,,,,,,,,,Indie, Webcomic,,,,,,,http://tapastic.com/series/Alone-,http://proclioevilo.tumblr.com/,https://twitter.com/OliveOilCorp,https://pbs.twimg.com/media/CItrvhbUAAANw75.jpg,,,,,,,,,,,,,,,,,,,,,,,,
Paige Braddock,,,,,,,,,,,,,,,,No Straight Lines (contributor),,,,,,,,,,,,,,,,,,,,,,,,,,,,,,,,,,,,,,,,,,,,,,,
Pam Cameron-Snyder,,,,,,,,,,,,,,,,Gay Genius (contributor),,,,,,,,,,,,,,,,,,,,,,,,,,,,,,,,,,,,,,,,,,,,,,,
Pam Harrison,Female,American,,,,,1964,,Creator,,,,,,,"A Deviant Mind, House of the Muses",,,,,,,,,,,,Science Fiction, Historical Fiction, Webcomic, Graphic Novel,,,,,http://adeviantmind.com,https://www.facebook.com/adeviantmind,https://twitter.com/houseofmuses,,,,,,,,,,,,,,,,,,,,,,,,,
Penina Gal,Genderqueer,,,,,,1983,,Cartoonist,,,,,,,"The Fire Messenger, Limp Wrist, Glamera",,,,,,,,,,,,Indie,,,,,,,,http://penina.net,http://storenvy.com/penina,http://twitter.com/peninacomix,,,,,,,,,,,,,,,,,,,,,,,,,
PK,agender,American,Las Vegas,NV,,United States,1990,,Writer/Artist,,,,,,,Floraverse,,,,,,,,,,,,Webcomic,,,,,,,,http://floraverse.com,,http://www.twitter.com/papayakitty,,,,,,,,,,,,,,,,,,,,,,,,,
Powflip,,,,,,,,,,,,,,,,Anything That Loves (contributor),,,,,,,,,,,,,,,,,,,,,,,,,,,,,,,,,,,,,,,,,,,,,,,
Priya Huq (batsa),Female,Bangladeshi American,New York City, NY,,United States,1988,,Artist, Writer,,,,,,"Dirty Diamonds Anthology 6: Beauty, Mana",,,,,,,,,,,,Fantasy, Supernatural, Horror, Manga, Action, Romance, Fairy Tale, Indie,http://batsabatsabatsa.com,http://b-u-l-a-n-o.tumblr.com,http://twitter.com/batsabatsabatsa,,,,,,,,,,,,,,,,,,,,,,,,,
Pussybear,Genderqueer,German,,,,,1986,,Cartoonist,,,,,,,Comics about the life of a fat queer feminist trans* poly nerd.,,,,,,,,,,,,Webcomic,,,,,,,,http://pussybear.net,,http://twitter.com/pussybear_comix,,,,,,,,,,,,,,,,,,,,,,,,,
Rachel Dukes,Genderqueer,American,Los Angeles, CA,,United States,1985,,Cartoonist,,,,,,,Garfield, Steven Universe, Frankie Comics,,,,,,,,,,Mainstream, Indie, Strips, Webcomic,,,,,http://www.mixtapecomics.com,http://www.frankiecomics.com,http://www.twitter.com/mixtapecomics,http://www.mixtapecomics.com/wp-content/uploads/2014/01/mc-header.png,,,,,,,,,,,,,,,,,,,,,,,,
Randall Kirby,,,,,,,,,,,,,,,,Anything That Loves (contributor),,,,,,,,,,,,,,,,,,,,,,,,,,,,,,,,,,,,,,,,,,,,,,,
Rebecca Mir Grady,Female,American,,,,,1982,,Artist, Writer,,,,,,SHIPWRECK, I was born to be an Explorer, Apostrophe to the Ocean, In Search of Cold Places, SHE IS RESTLESS,,,,,,,,,,,,,,,,http://www.sheisrestless.com,,https://twitter.com/mirgrady,,,,,,,,,,,,,,,,,,,,,,,,,
Reed Black,Male,White American,,,,,1983,,Creator,,,,,,,Duo, Speck, The Beyond Anthology (contributor), What a Queer Family,,,,,,,,,indie, self published, fantasy,,,,,,http://queerfamilycomic.tumblr.com,http://reedicule.tumblr.com,http://twitter.com/reedicule,,,,,,,,,,,,,,,,,,,,,,,,,
Rica Takashima,Female,Japanese,,,,,1965,,Manga artist,,,,,,,Tokyo Love, Rica 'tte Kanji, Susume NY-dou,,,,,,,,,,Manga, Strips,,,,,,,http://www.AozoraArt.com,http://en.wikipedia.org/wiki/Rica_Takashima,https://twitter.com/RicaTakashima,,,,,,,,,,,,,,,,,,,,,,,,,
Rick Worley,Male,American,,,,,1982,,Writer, Artist, Cartoonist,,,,,A Waste of Time,,,,,,,,,,,,Indie,,,,,,,,http://rickworley.com,https://www.tumblr.com/blog/awasteoftimecomic,http://twitter.com/bloodoftheland,,,,,,,,,,,,,,,,,,,,,,,,,
Robert Kirby,Male,Caucasian,,,,,,,Cartoonist, Editor,,,,,,Boy Trouble (editor), The Book of Boy Trouble (editor), The Book of Boy Trouble Volume 2 (editor), Curbside, Curbside Boys, QU33R (editor),,,,,,,Indie, strips, slice of life, humor, autobio,,,,http://robkirbycomics.com,http://robkirbycomics.tumblr.com/,https://twitter.com/robkirbycomics,,,,,,,,,,,,,,,,,,,,,,,,,
Robert Triptow,Male,,,,,,,,Cartoonist,,,,,,,,,,,,,,,,,,,,,,,,,,,,,,,,,,,,,,,,,,,,,,,,,,,,,,
Roberta Gregory,Female,Latin American,,,,,1953,,Writer, Artist,,,,,,Naughty Bits (Fantagraphics), Winging It, Artistic Licentiousness, Sheila and the Unicorn,,,,,,,,,Underground,,,,,,,,http://www.robertagregory.com/,http://en.wikipedia.org/wiki/Roberta_Gregory,,,,,,,,,,,,,,,,,,,,,,,,,,
Roger Zanni,,,,,,,,,,,,,,,,No Straight Lines (contributor),,,,,,,,,,,,,,,,,,,,,,,,,,,,,,,,,,,,,,,,,,,,,,,
Roxxie,,,,,,,,,,,,,,,,No Straight Lines (contributor),,,,,,,,,,,,,,,,,,,,,,,,,,,,,,,,,,,,,,,,,,,,,,,
Ru Xu,Female,Asian American,,,,,1991,,Writer, Artist, Creator,,,,,"Saint for Rent, NewsPrints",,,,,,,,,,,,Webcomic, Children's, Manga, Comics, Sci Fi, Fantasy,,,http://ruemxu.com,http://emruki.tumblr.com,http://twitter.com/saintfortweets,,,,,,,,,,,,,,,,,,,,,,,,,
Rupert Kinnard,Male,,,,,,,,,,,,,,,No Straight Lines (contributor),,,,,,,,,,,,,,,,,,,,http://www.pdxqcenter.org/queer-heroes-nw-june-11th-2013-featured-hero-rupert-kinnard/,,,,,,,,,,,,,,,,,,,,,,,,,,,
S.D. Steen,Male,"Biracial: black, white (Jewish)",Beijing,,,China,1988,,Writer,,,,,,,,,,,,,,,,,,,Horror, Fantasy,,,,,,,http://www.penciljack.com/forum/entry.php?307-Comics-Scripts,,https://twitter.com/1tudore,,,,,,,,,,,,,,,,,,,,,,,,,
Sab Meynert,Genderqueer,Sri-lankan,,,,,1989,,Artist, Cartoonist,,,,,,"Blacktooth 1 (Sever Press, 2013)"," Blacktooth 2 (Sever Press, 2014)",,,,,,,,,,,Indie,,,,,,,,http://www.sabmeynert.com,http://www.sabo-art.tumblr.com,http://twitter.com/sabmeynert,,,,,,,,,,,,,,,,,,,,,,,,,
Sailor Holladay,Genderqueer,US,Portland, OR,,United States,1980,,Artist, Creator,,,,,,Gay Genius (contributor),,,,,,,,,,,,Indie, Creative Nonfiction,,,,,,,http://www.sailorholladay.com/,,,http://1.bp.blogspot.com/-X4LX3IEROHQ/UbDVubxg7BI/AAAAAAAAArE/KLgJpp5jHQA/s320/pies+.jpg,,,,,,,,,,,,,,,,,,,,,,,,
Sally Cantirino,Female,American,Gainesville, FL,,United States,1990,,cartoonist, letterer,,,,,,,,,,,,,,,,,,,,,,,,,,,,,,,,,,,,,,,,,,,,,,,,,,,,,
Sam Orchard,Male,New Zealander,,,,,,,Cartoonist,,,,,,,Rooster Tails, Anything That Loves (contributor),,,,,,,,,,,Autobio,,,,,,,,http://samorchard.tumblr.com/,http://www.roostertailscomic.com/,https://twitter.com/Sam_Orchard,,,,,,,,,,,,,,,,,,,,,,,,,
Sam Saturday,Male,American,Los Angeles, CA,,United States,1980,,Cartoonist,,,,,,,Death's Door, Anything That Loves, Why Do You Cry When I'm On Top?,,,,,,,,,,Humor, Horror, Indie,,,,,,http://www.samsaturday.com/,http://facebook.com/thisissamsaturday,http://twitter.com/sam_saturday,,,,,,,,,,,,,,,,,,,,,,,,,
Sarah Leavitt,Female,"Jewish, Canadian",Vancouver,,British Columbia, Canada,1969,,Cartoonist,,,,,,,"Tangles: A Story About Alzheimer's, My Mother and Me",,,,,,,,,,,,Memoir,,,,,,,,http://www.sarahleavitt.com/,,http://www.twitter.com/sarahbleavitt,,,,,,,,,,,,,,,,,,,,,,,,,
Sarah Sass Biscarra-Dilley,,,,,,,,,,,,,,,,Gay Genius (contributor),,,,,,,,,,,,,,,,,,,,,,,,,,,,,,,,,,,,,,,,,,,,,,,
Sarah Winifred Searle,Female,White American,Portland, ME,,United States,1987,,Writer, Artist, Cartoonist,,,,,"Ruined – Fresh Romance (co-creator, artist)", Chainmail Bikini (contributor), Filthy Figments (contributor), Smut Peddler 2014 (contributor),,,,,,,,,Indie, historical, erotica,,,,,,http://www.swinsea.com/,http://swinsea.tumblr.com/,https://twitter.com/swinsea,https://pbs.twimg.com/profile_images/585634952991080449/X8Mtijgv.jpg,,,,,,,,,,,,,,,,,,,,,,,,
Sasha Steinberg,Male,American,,,,,1987,,Creator,,,,,,,Stonewall, Sasha Velour, The Disappearance of Pepper Stein, QU33R (Contributor),,,,,,,,,Indie,,,,,,,,http://www.ahsasha.com/,http://sahsashas.tumblr.com/,https://twitter.com/sahsashas,,,,,,,,,,,,,,,,,,,,,,,,,
Sasha Velour,Drag Queen,Quorzen,,,,,,,Creator, Editor,,,,,,Vym Magazine,,,,,,,,,,,,,,,,,,,,http://www.vymmagazine.com/,https://www.facebook.com/sashavelour1,,,,,,,,,,,,,,,,,,,,,,,,,,
Saturday,Intersex,British,,,,,1992,,Artist, Curator,,,,,,puppycomix,,,,,,,,,,,,erotica,,,,,,,,http://www.puppycomix.com,http://www.patreon.com/PUPPY,,,,,,,,,,,,,,,,,,,,,,,,,,
Scott Foss,Male,American,,,,,1992,,Cartoonist,,,,,,,The Long Siesta, Boneheaded, Jane,,,,,,,,,,Webcomic,,,,,,,,http://www.scottfoss.com,http://www.scottfoss.tumblr.com,https://twitter.com/Buildabearatron,,,,,,,,,,,,,,,,,,,,,,,,,
Scott Marshall,Male,Canadian,,,,,1968,,Cartoonist,,,,,,,Dregs, Time Wounds All Heels, various others,,,,,,,,,,Indie, Webcomics, Mini-comics,,,,,,http://potzrebie.com,http://themarshallway.tumblr.com,http://twitter.com/scottmarshall,,,,,,,,,,,,,,,,,,,,,,,,,
Sean Seamus McWhinny,Male,Irish-Scottish American,San Francisco, CA,,United States,1968,,Cartoonist, Writer,,,,,,Bunny Man: My Life in the Easter Charade, Diary of a Catering Whore,,,,,,,,,,,Indie,,,,,,,,http://seanseamus.tumblr.com,http://prismcomics.org/profile.php?id=1352,https://twitter.com/seanseamus,https://pbs.twimg.com/media/CHHE1JFU0AAkvXq.jpg,,,,,,,,,,,,,,,,,,,,,,,,
Sean-Z,Male,Mixed,Oak Park, CA,,United States,1975,,Writer, Artist, Creator,,,,,MYTH,,,,,,,,,,,,Webcomic, Print,,,,,,,http://rated-z.com,http://facebook.com/Sean-Z/,http://twitter.com/RatedZMYTH,,,,,,,,,,,,,,,,,,,,,,,,,
Sevita,Agender,Indo-Caribbean/African American,,OH,,United States,,,Creator,,,,,,,Four Corners,,,,,,,,,,,,Webcomic, Drama, Manga,,,,,,http://boniae.tumblr.com,,http://twitter.com/cooljalebis,,,,,,,,,,,,,,,,,,,,,,,,,
Sfé R. Monster,Genderqueer,Canadian,,,,,,,creator, artist, writer,,,,,Eth's Skin, Kyle & Atticus, Seven Stories from the Sea, the Beyond Anthology,,,,,,,,,indie, fantasy, webcomic,,,,,,http://sfemonster.tumblr.com/,http://www.sfemonster.com,https://twitter.com/sfemonster,,,,,,,,,,,,,,,,,,,,,,,,,
Shelby Criswell,Genderqueer,Greek American,,,,,1994,,Comic Artist,,,,,,,"Awkward Shelby, Gallivant, The Va-Giant",,,,,,,,,,,,Indie, Webcomic,,,,,,,http://iwishiwaspattismith.tumblr.com/,http://shelbycriswell.portfoliobox.me/,http://twitter.com/shelbycriswell,,,,,,,,,,,,,,,,,,,,,,,,,
Shing Yin Khor,Female,"Asian American (Chinese, Malaysian)",,,,,1983,,Cartoonist, Writer,,,,,,"Center for Otherworld Science, Marie and Jeanne, Marlowe the Monster, Blood Root",,,,,,,,,,,,Indie,,,,,,,,http://www.sawdustbear.com/portfolio/comics/,,http://twitter.com/sawdustbear,,,,,,,,,,,,,,,,,,,,,,,,,
Sidney Maris Hargrave,Genderfluid,American(white),Suffolk, VA,,United States,1990,,Artist, writer,,,,,,Heracles Knot, The Dragon's Eye, Students Against School Spirit, Raventown(being reworked),,,,,,,,,Webcomic,,,,,,,,http://miliabyntite.tumblr.com,http://comicfury.com/profile.php?username=Sid,https://twitter.com/sidhargrave,https://pbs.twimg.com/media/CMk2ieXUYAAOaCG.png,,,,,,,,,,,,,,,,,,,,,,,,
Silky Shoemaker,,,,,,,,,,,,,,,,Gay Genius (contributor),,,,,,,,,,,,,,,,,,,,,,,,,,,,,,,,,,,,,,,,,,,,,,,
Sina Grace,Male,,,,,,,,Writer, Artist,,,,,,"Self-Obsessed (writer, artist)"," Not My Bag (writer, artist)", The Li'l Depressed Boy (artist)," Burn the Orphanage (co-writer, artist)",,,,,,,,,,,,,,,,,http://sinagrace.com/,,https://twitter.com/SinaGrace,,,,,,,,,,,,,,,,,,,,,,,,,
Sina Sparrow,Male,Iranian British,,,,,,,,,,,,,,Boy Crazy Boy,,,,,,,,,,,,Indie,,,,,,,,http://www.boycrazyboy.com/,,https://twitter.com/boycrazyboy,,,,,,,,,,,,,,,,,,,,,,,,,
Slim Gilt Soul,NB,British,,,,,1993,,Artists,,,,,,,Victim Pheromone, Tender Objects, Lovely Puppy, misc,,,,,,,,,Indie,,,,,,,,http://slimgiltsoul.com,http://slimgiltsoul.tumblr.com,http://twitter.com/slimgiltsoul,,,,,,,,,,,,,,,,,,,,,,,,,
Smar,Female,Greek,,,,Greece,1991,,Writer, Artist, Penciler, Inker, Creator, Cartoonist, Colorist,OMG Lesbians, Fruit Jacket,,,,,,,,,,,Zine, Webcomic, Indie, Slice of Life, Humor,,,,http://smarmakescomics.tumblr.com/,,https://twitter.com/SmarMakesComics,http://36.media.tumblr.com/3406cac6bfe6224ae197113fcc09a9fb/tumblr_nru5cfNSDv1rga5z2o1_500.jpg,,,,,,,,,,,,,,,,,,,,,,,,
Solomon Cygnet Fletcher,non binary/agender,,Minneapolis, MN,,United States,1990,,Self-publisher, Artist, Writer,,,,,The Forest," Don't Corner Me, I am A Wild Animal"," Life's Rough, Huh, City Boy?", Goldy & the Bears,,,,,,,,,,,,,,,,,http://solomonfletcher.tumblr.com,http://patreon.com/solomonfletcher,https://twitter.com/satanandsolomon,https://40.media.tumblr.com/59b287d42ba9ad405475b07160007745/tumblr_nqf0r2TPSw1qj33awo1_1280.png,,,,,,,,,,,,,,,,,,,,,,,,
Sophia Foster-Dimino,Female,American (white),San Francisco, CA,,United States,1988,,Cartoonist,,,,,,,"Sex Fantasy, Swim Thru Fire",,,,,,,,,,,,Indie,,,,,,,,http://sophiafosterdimino.tumblr.com,,http://twitter.com/hellophia/,,,,,,,,,,,,,,,,,,,,,,,,,
Sophie Yanow,,,,,,,,,,,,,,,,,,,,,,,,,,,,,,,,,,,,http://www.situology.com/,,https://twitter.com/sophieyanow,,,,,,,,,,,,,,,,,,,,,,,,,
Steve MacIsaac,Male,Canadian,,,,,1969,,Writer, Artist, Publisher,,,,,Shirtlifter, Sticky,,,,,,,,,,,Indie; literary fiction; autobiography,,,,,,,,www.stevemacisaac.com,www.facebook.com/ShirtlifterComics,,,,,,,,,,,,,,,,,,,,,,,,,,
Stevie Wilson,Female,Caucasian American,,,,,1985,,Creator,,,,,,,You're doing it wrong, know your coffee,,,,,,,,,,,Indie,,,,,,,,Http://Swinku.tumblr.com,http://tapastic.com/series/ydiw,http://twitter.com/sw_inku,,,,,,,,,,,,,,,,,,,,,,,,,
Susanna Martin,,,,,,,,,,,,,,,,No Straight Lines (contributor),,,,,,,,,,,,,,,,,,,,,,,,,,,,,,,,,,,,,,,,,,,,,,,
Suzy X,Female,Cuban-Belizean,,,,,1989,,Cartoonist, Writer,,,,,,"Riot Grrrl Problems, The League of Extraordinary Feminists, Malcriada, The Best Song Ever",,,,,,,,,,,,Indie, Political,,,,,,,Http://Seesuzysketch.blogspot.com,Http://suzyx.wordpress.com,Http://www.twitter.com/msmalcriada,,,,,,,,,,,,,,,,,,,,,,,,,
Takopako,Male,Black,,,,,1991,,Artist, Creator,,,,,,,,,,,,,,,,,,,,,,,,,,http://www.takopako.tumblr.com,http://www.kenn-k.deviantart.com,,,,,,,,,,,,,,,,,,,,,,,,,,
Talita Hayata (Lita),Female,Brazilian,,,,,1986,,Creator,,,,,,,BETE VIVE,,,,,,,,,,,,Webcomic,,,,,,,,http://betevive.tumblr.com/,https://www.facebook.com/betevive,,,,,,,,,,,,,,,,,,,,,,,,,,
Taneka Stotts,Female,African American,,,,,1982,,Writer, Editor, Creator,,,,,Full Circle, Gran Grimoire, Beyond Anthology," Cautionary Fables and Fairy: Africa Edition (Indie, 2014)",,,,,,,,,Various,,,,,,,,http://www.tanekastotts.com,,http://www.twitter.com/neekaneeks,,,,,,,,,,,,,,,,,,,,,,,,,
Tara Madison Avery,Female,American,,,,,1970,,Cartoonist, Writer, Inker, Illustrator,,,,Dirtheads, Gooch, Cheating at Solitaire, Anything That Loves (contributor),,,,,,,,,Webcomic, Humor,,,,,,,http://www.cheatingatsolitaire.net/,,https://twitter.com/taramavery,,,,,,,,,,,,,,,,,,,,,,,,,
Ted Naifeh,,,,,,,,,,,,,,,,No Straight Lines (contributor),,,,,,,,,,,,,,,,,,,,,,,,,,,,,,,,,,,,,,,,,,,,,,,
Teddy,Male,Hispanic/Latino/Mexican,,,,,,,Artist,,,,,,,,,,,,,,,,,,,Fan Art, Webcomic,,,,,,,http://finn-theheroguy.tumblr.com/,,,,,,,,,,,,,,,,,,,,,,,,,,,
Terry Blas,Male,Caucasian/Latino,,,,,1980,,Writer, Artist, Creator,,,,,Briar Hollow,,,,,,,,,,,,Webcomic,,,,,,,,http://www.terryblas.com,www.briarhollowcomic.com,https://twitter.com/TerryBlas,,,,,,,,,,,,,,,,,,,,,,,,,
Tim Fish,,,,,,,,,,,,,,,,No Straight Lines (contributor),,,,,,,,,,,,,,,,,,,,,,,,,,,,,,,,,,,,,,,,,,,,,,,
Tim Paul,,,,,,,,,,,,,,,,Nitsy and Bitsy, Glitch,,,,,,,,,,,,,,,,,,,http://www.timpaulillustrations.com/,,https://twitter.com/TimPaul_illo,,,,,,,,,,,,,,,,,,,,,,,,,
Tini Howard,Female,,Wilmington, NC,,United States,1985,,Writer,,,,,,,Poseidon IX, Magdalena: Seventh Sacrament,,,,,,,,,,,,,,,,,,,http://tinihoward.tumblr.com,,http://www.twitter.com/tinihoward,,,,,,,,,,,,,,,,,,,,,,,,,
Tom Bouden,,,,,,,1971,,,,,,,,,Max en Sven, No Straight Lines (contributor),,,,,,,,,,,,,,,,,,,http://www.tombouden.be/,,,,,,,,,,,,,,,,,,,,,,,,,,,
Tony Breed,Male,"American (white—English, Portuguese, & Italian)",,,,,1971,,Cartoonist,,,,,,,Muddlers Beat, Finn and Charlie Are Hitched, Pratfall, Everyone Is Someone's Fetish, Foodwise, Every/Body, Tablegeddon, How Would I Know If You're Dreaming?, No Straight Lines, SnOMG," I Love You, You Big Weirdo", Can We Skip to the Part of the Conversation Where I Get My Way,Webcomic,,,,,,,,Http://muddlersbeat.com,Http://hitchedcomic.com,Http://Twitter.com/tonybreed,,,,,,,,,,,,,,,,,,,,,,,,,
Trinidad Escobar,Female,,,,,,,,,,,,,,,,,,,,,,,,,,,Indie,,,,,,,,http://www.trinidadescobar.com/,,https://twitter.com/trinidadesco,,,,,,,,,,,,,,,,,,,,,,,,,
Tristan Crane,Trans/Genderfluid,,,,,,,,Writer/Photographer,,,,,,,How Loathsome, InVisible, No Straight Lines (contributor),,,,,,,,,,Indie, Manga,,,,,,,http://tristancrane.com,,https://twitter.com/tristancrane,,,,,,,,,,,,,,,,,,,,,,,,,
Tristan Jade Tarwater,Female,"Mixed: Half Puerto Rican, Half Black",,,,,1983,,Writer, Creator,,,,,,"Shamsee (Back That Elf Up, 2014)",,,,,,,,,,,,Graphic Novel, webcomic,,,,,,,http://www.shamseecomic.com/,https://www.facebook.com/BackThatElfUp,https://twitter.com/backthatelfup,,,,,,,,,,,,,,,,,,,,,,,,,
Trungles,Male,Asian American,,,,,1990,,Creator, Artist, Writer,,,,,Tamarind (webcomic), Literal Unicorn Boyfriend (webcomic),,,,,,,,,,,Indie,,,,,,,,http://www.trungles.com,http://artoftrungles.tumblr.com,http://www.twitter.com/Trungles,,,,,,,,,,,,,,,,,,,,,,,,,
Tyler Cohen,Female,,,,,,,,Cartoonist,,,,,,,Primazonia, QU33R (contributor),,,,,,,,,,,Indie,,,,,,,,http://www.primazonia.com/,,,,,,,,,,,,,,,,,,,,,,,,,,,
Tyr Tapir,Male,Australian,,,,,1970,,Writer, Artist,,,,,,Crooked Sabre,,,,,,,,,,,,Fantasy, Erotica,,,,,,,http://crookedsabre.the-comic.org/,https://www.facebook.com/tyr.tapir,,,,,,,,,,,,,,,,,,,,,,,,,,
Ursula Aristizábal,Genderqueer,Latin@-American,,,,,1992,,,,,,,,,The Living Daylights,,,,,,,,,,,,Indie,,,,,,,,http://moxievegas.tumblr.com/,,https://twitter.com/moxievegas,,,,,,,,,,,,,,,,,,,,,,,,,
Vanessa Satone,Female,American,Brooklyn, NY,,United States,1979,,Cartoonist,,,,,,,Wasted Minds, Short Cuts,,,,,,,,,,,Comedy, Manga, Action, Sci-Fi,,,,,http://visforvacant.com/,http://tapastic.com/vsatone/,https://twitter.com/vsatone,,,,,,,,,,,,,,,,,,,,,,,,,
Vas Littlecrow Wojtanowicz,Other,Mixed Ethnicity,,,,,1973,,Writer, Artist, Penciler, Inker, Creator, Cartoonist, Publisher,,,,,,,,,,,,,Horror, Crime, Historical Fiction, Indie, Erotica,,,,http://vaslittlecrow.com/,http://velvetrasput.info/,https://twitter.com/velvetrasputin/,,,,,,,,,,,,,,,,,,,,,,,,,
Verity Hall,Female,British,,,,England,1989,,Comic writer and artist,,,,,,,Mystery Circus, Like A Shark In A Swimming Pool,,,,,,,,,,,indie, webcomic,,,,,,,http://verity-h.tumblr.com,http://mysterycircus.thecomicseries.com,http://twitter.com/Verity_Hall89,,,,,,,,,,,,,,,,,,,,,,,,,
Victor Hodge,,,,,,,,,,,,,,,,No Straight Lines (contributor),,,,,,,,,,,,,,,,,,,,,,,,,,,,,,,,,,,,,,,,,,,,,,,
"Virginia ""Milkyboots"" Paine",Female,White American,,,,,1981,,cartoonist,,,,,,,Milkyboots, The WHYs,,,,,,,,,,,indie, diary, webcomic,,,,,,http://virginiapaine.tumblr.com/,http://thewhyscomic.com/,https://twitter.com/milkybootscomix,,,,,,,,,,,,,,,,,,,,,,,,,
Weiwen Balter,Genderqueer,Asian American,,,,,1996,,Cartoonist,,,,,,,Skyping with Spirits,,,,,,,,,,,,Webcomic, Indie,,,,,,,http://www.skypingwithspirits.tumblr.com,,,,,,,,,,,,,,,,,,,,,,,,,,,
William O. Tyler,Male,,,,,,,,,,,,,,,,,,,,,,,,,,,Indie,,,,,,,,http://williamotyler.com/,,,,,,,,,,,,,,,,,,,,,,,,,,,
Yasmin Liang,Female,Half Chinese,,,,,1990,,Artist, Penciler, Inker,,,,,"Steed and Mrs. Peel (BOOM! Studios, 2012)"," Star Trek Ongoing (IDW Publishing, 2011)", Our Work Fills the Pews,,,,,,,,,,Mainstream, Indie, Webcomic,,,,,,http://www.yazmeanie.com,http://www.blog.yazmeanie.com,https://twitter.com/yasminliang,,,,,,,,,,,,,,,,,,,,,,,,,
Yeni Sleidi,Female,Cuban,,,,,1990,,Cartoonist,,,,,,,Gooprone: 69 Love Comics,,,,,,,,,,,,Indie,,,,,,,,http://gooprone.tumblr.com/,http://sleidi.com,http://www.twitter.com/sleidi_yeni,,,,,,,,,,,,,,,,,,,,,,,,,
Yolando,GenderAny,Multi-racial,Minneapolis, MN,,United States,1990,,Writer, Cartoonist,,,,,,,,,,,,,,,,,,Indie,,,,,,,,http://coffeewithyolando.tumblr.com,,https://twitter.com/yolandogge,http://i58.tinypic.com/280qiht.jpg,,,,,,,,,,,,,,,,,,,,,,,,
Zan Christensen,Male,,,,,,,,Publisher (Northwest Press), Editor, Writer,,,,,Anything that Loves (editor),,,,,,,,,,,,,,,,,,,,,,,,,,,,,,,,,,,,,,,,,,,,,,,
Zoe Maxine,Female,White Canadian,,,Nova Scotia,Canada,1989,,Cartoonist, Artist,,,,,,Queen Candidate, SCRAP,,,,,,,,,,,Webcomic, Sci-Fi,,,,,,,http://zoemaxine.com,http://queencandidate.zoemaxine.com,https://twitter.com/zoemaxinetn,,,,,,,,,,,,,,,,,,,,,,,,,
